timestamp,nodes,edges_before,edges_after,edges_added,density_before,density_after,degree_before,degree_after,delta_time_sec,edges_ratio,density_delta,degree_delta
2026-04-08 08:37:29.684,37,84,92,8,0.1261,0.1381,4.54,4.97,,1.0952380952380953,0.01200000000000001,0.4299999999999997
2026-04-08 08:37:38.364,23,51,56,5,0.2016,0.2213,4.43,4.87,8.68,1.0980392156862746,0.019699999999999995,0.4400000000000004
2026-04-08 08:37:45.926,25,46,51,5,0.1533,0.17,3.68,4.08,7.562,1.108695652173913,0.01670000000000002,0.3999999999999999
2026-04-08 08:37:52.513,24,45,50,5,0.163,0.1812,3.75,4.17,6.587,1.1111111111111112,0.018199999999999994,0.41999999999999993
2026-04-08 08:37:59.155,23,45,50,5,0.1779,0.1976,3.91,4.35,6.642,1.1111111111111112,0.019699999999999995,0.4399999999999995
2026-04-08 08:38:05.930,24,46,51,5,0.1667,0.1848,3.83,4.25,6.775,1.108695652173913,0.018100000000000005,0.41999999999999993
2026-04-08 08:38:15.199,26,59,64,5,0.1815,0.1969,4.54,4.92,9.269,1.0847457627118644,0.015399999999999997,0.3799999999999999
2026-04-08 08:38:31.907,88,133,146,13,0.0347,0.0381,3.02,3.32,16.708,1.0977443609022557,0.0034000000000000002,0.2999999999999998
2026-04-08 08:38:38.540,23,39,44,5,0.1542,0.1739,3.39,3.83,6.633,1.1282051282051282,0.019699999999999995,0.43999999999999995
2026-04-08 08:38:45.689,32,53,58,5,0.1069,0.1169,3.31,3.62,7.149,1.0943396226415094,0.010000000000000009,0.31000000000000005
2026-04-08 08:38:49.494,4,6,6,0,1.0,1.0,3.0,3.0,3.805,1.0,0.0,0.0
2026-04-08 08:38:55.220,14,28,33,5,0.3077,0.3626,4.0,4.71,5.726,1.1785714285714286,0.054900000000000004,0.71
2026-04-08 08:39:04.484,42,75,82,7,0.0871,0.0952,3.57,3.9,9.264,1.0933333333333333,0.00810000000000001,0.33000000000000007
2026-04-08 08:39:13.060,41,73,80,7,0.089,0.0976,3.56,3.9,8.576,1.095890410958904,0.00860000000000001,0.33999999999999986
2026-04-08 08:39:21.446,36,64,70,6,0.1016,0.1111,3.56,3.89,8.386,1.09375,0.009500000000000008,0.33000000000000007
2026-04-08 08:39:41.760,55,97,106,9,0.0653,0.0714,3.53,3.85,20.314,1.092783505154639,0.006100000000000008,0.3200000000000003
2026-04-08 08:40:07.336,40,95,104,9,0.1218,0.1333,4.75,5.2,25.576,1.0947368421052632,0.011499999999999996,0.4500000000000002
2026-04-08 08:40:19.214,38,91,100,9,0.1294,0.1422,4.79,5.26,11.878,1.098901098901099,0.012800000000000006,0.46999999999999975
2026-04-08 08:40:23.490,2,1,1,0,1.0,1.0,1.0,1.0,4.276,1.0,0.0,0.0
2026-04-08 08:40:33.445,35,70,77,7,0.1176,0.1294,4.0,4.4,9.955,1.1,0.011799999999999991,0.40000000000000036
2026-04-08 08:40:46.431,42,90,99,9,0.1045,0.115,4.29,4.71,12.986,1.1,0.01050000000000001,0.41999999999999993
2026-04-08 08:40:59.155,41,90,99,9,0.1098,0.1207,4.39,4.83,12.724,1.1,0.010900000000000007,0.4400000000000004
2026-04-08 08:41:10.299,39,81,89,8,0.1093,0.1201,4.15,4.56,11.144,1.0987654320987654,0.010800000000000004,0.40999999999999925
2026-04-08 08:41:22.232,42,92,101,9,0.1069,0.1173,4.38,4.81,11.933,1.0978260869565217,0.010400000000000006,0.4299999999999997
2026-04-08 08:41:34.690,41,88,96,8,0.1073,0.1171,4.29,4.68,12.458,1.0909090909090908,0.00979999999999999,0.3899999999999997
2026-04-08 08:41:46.565,40,85,93,8,0.109,0.1192,4.25,4.65,11.875,1.0941176470588236,0.0102,0.40000000000000036
2026-04-08 08:41:57.940,37,83,91,8,0.1246,0.1366,4.49,4.92,11.375,1.0963855421686748,0.011999999999999997,0.4299999999999997
2026-04-08 08:42:05.567,23,49,54,5,0.1937,0.2134,4.26,4.7,7.627,1.1020408163265305,0.019699999999999995,0.4400000000000004
2026-04-08 08:42:12.928,22,47,52,5,0.2035,0.2251,4.27,4.73,7.361,1.1063829787234043,0.021600000000000008,0.46000000000000085
2026-04-08 08:42:22.196,34,66,72,6,0.1176,0.1283,3.88,4.24,9.268,1.0909090909090908,0.010700000000000001,0.3600000000000003
2026-04-08 08:42:34.917,38,81,89,8,0.1152,0.1266,4.26,4.68,12.721,1.0987654320987654,0.011399999999999993,0.41999999999999993
2026-04-08 08:42:45.673,38,79,86,7,0.1124,0.1223,4.16,4.53,10.756,1.0886075949367089,0.009900000000000006,0.3700000000000001
2026-04-08 08:42:56.418,39,82,90,8,0.1107,0.1215,4.21,4.62,10.745,1.0975609756097562,0.01079999999999999,0.41000000000000014
2026-04-08 08:43:01.786,8,14,19,5,0.5,0.6786,3.5,4.75,5.368,1.3571428571428572,0.17859999999999998,1.25
2026-04-08 08:43:09.064,23,44,49,5,0.1739,0.1937,3.83,4.26,7.278,1.1136363636363635,0.019800000000000012,0.4299999999999997
2026-04-08 08:43:19.485,42,81,89,8,0.0941,0.1034,3.86,4.24,10.421,1.0987654320987654,0.009300000000000003,0.38000000000000034
2026-04-08 08:43:37.076,42,80,88,8,0.0929,0.1022,3.81,4.19,17.591,1.1,0.009300000000000003,0.38000000000000034
2026-04-08 08:43:41.873,100,16,16,0,0.0032,0.0032,0.32,0.32,4.797,1.0,0.0,0.0
2026-04-08 08:43:48.611,24,43,48,5,0.1558,0.1739,3.58,4.0,6.738,1.1162790697674418,0.018100000000000005,0.41999999999999993
2026-04-08 08:43:56.042,24,50,55,5,0.1812,0.1993,4.17,4.58,7.431,1.1,0.018100000000000005,0.41000000000000014
2026-04-08 08:44:08.903,47,95,104,9,0.0879,0.0962,4.04,4.43,12.861,1.0947368421052632,0.008299999999999988,0.3899999999999997
2026-04-08 08:44:20.925,45,97,106,9,0.098,0.1071,4.31,4.71,12.022,1.092783505154639,0.009099999999999997,0.40000000000000036
2026-04-08 08:44:30.944,45,95,104,9,0.096,0.1051,4.22,4.62,10.019,1.0947368421052632,0.009099999999999997,0.40000000000000036
2026-04-08 08:44:42.689,45,95,104,9,0.096,0.1051,4.22,4.62,11.745,1.0947368421052632,0.009099999999999997,0.40000000000000036
2026-04-08 08:44:54.784,46,97,106,9,0.0937,0.1024,4.22,4.61,12.095,1.092783505154639,0.0087,0.39000000000000057
2026-04-08 08:45:07.454,44,95,104,9,0.1004,0.1099,4.32,4.73,12.67,1.0947368421052632,0.009499999999999995,0.41000000000000014
2026-04-08 08:45:15.420,30,51,56,5,0.1172,0.1287,3.4,3.73,7.966,1.0980392156862746,0.01150000000000001,0.33000000000000007
2026-04-08 08:45:23.615,32,57,62,5,0.1149,0.125,3.56,3.88,8.195,1.087719298245614,0.010099999999999998,0.31999999999999984
2026-04-08 08:45:32.423,33,64,70,6,0.1212,0.1326,3.88,4.24,8.808,1.09375,0.011399999999999993,0.3600000000000003
2026-04-08 08:45:37.358,9,15,20,5,0.4167,0.5556,3.33,4.44,4.935,1.3333333333333333,0.13889999999999997,1.1100000000000003
2026-04-08 08:45:45.239,27,47,52,5,0.1339,0.1481,3.48,3.85,7.881,1.1063829787234043,0.014200000000000018,0.3700000000000001
2026-04-08 08:45:57.245,39,85,93,8,0.1147,0.1255,4.36,4.77,12.006,1.0941176470588236,0.010800000000000004,0.40999999999999925
2026-04-08 08:46:03.666,16,31,36,5,0.2583,0.3,3.88,4.5,6.421,1.1612903225806452,0.041700000000000015,0.6200000000000001
2026-04-08 08:46:09.034,18,31,36,5,0.2026,0.2353,3.44,4.0,5.368,1.1612903225806452,0.03270000000000001,0.56
2026-04-08 08:46:14.590,7,12,17,5,0.5714,0.8095,3.43,4.86,5.556,1.4166666666666667,0.23809999999999998,1.4300000000000002
2026-04-08 08:46:22.440,18,37,42,5,0.2418,0.2745,4.11,4.67,7.85,1.135135135135135,0.032700000000000035,0.5599999999999996
2026-04-08 08:46:28.254,10,18,23,5,0.4,0.5111,3.6,4.6,5.814,1.2777777777777777,0.11109999999999998,0.9999999999999996
2026-04-08 08:46:36.902,21,50,55,5,0.2381,0.2619,4.76,5.24,8.648,1.1,0.023800000000000016,0.4800000000000004
2026-04-08 08:46:42.959,18,32,37,5,0.2092,0.2418,3.56,4.11,6.057,1.15625,0.03259999999999999,0.5500000000000003
2026-04-08 08:46:47.776,10,18,23,5,0.4,0.5111,3.6,4.6,4.817,1.2777777777777777,0.11109999999999998,0.9999999999999996
2026-04-08 08:46:52.704,9,16,21,5,0.4444,0.5833,3.56,4.67,4.928,1.3125,0.13890000000000002,1.1099999999999999
2026-04-08 08:47:02.432,39,70,77,7,0.0945,0.1039,3.59,3.95,9.728,1.1,0.009400000000000006,0.3600000000000003
2026-04-08 08:47:09.314,33,55,60,5,0.1042,0.1136,3.33,3.64,6.882,1.0909090909090908,0.009400000000000006,0.31000000000000005
2026-04-08 08:47:16.429,29,49,54,5,0.1207,0.133,3.38,3.72,7.115,1.1020408163265305,0.012300000000000005,0.3400000000000003
2026-04-08 08:47:22.419,24,39,44,5,0.1413,0.1594,3.25,3.67,5.99,1.1282051282051282,0.018099999999999977,0.41999999999999993
2026-04-08 08:47:29.259,25,43,48,5,0.1433,0.16,3.44,3.84,6.84,1.1162790697674418,0.016699999999999993,0.3999999999999999
2026-04-08 08:47:37.180,30,54,59,5,0.1241,0.1356,3.6,3.93,7.921,1.0925925925925926,0.011499999999999996,0.33000000000000007
2026-04-08 08:47:46.915,38,75,82,7,0.1067,0.1166,3.95,4.32,9.735,1.0933333333333333,0.009899999999999992,0.3700000000000001
2026-04-08 08:47:54.460,28,55,60,5,0.1455,0.1587,3.93,4.29,7.545,1.0909090909090908,0.013200000000000017,0.3599999999999999
2026-04-08 08:48:02.508,28,54,59,5,0.1429,0.1561,3.86,4.21,8.048,1.0925925925925926,0.01319999999999999,0.3500000000000001
2026-04-08 08:48:36.866,38,88,96,8,0.1252,0.1366,4.63,5.05,34.358,1.0909090909090908,0.011399999999999993,0.41999999999999993
2026-04-08 08:49:06.239,40,70,77,7,0.0897,0.0987,3.5,3.85,29.373,1.1,0.008999999999999994,0.3500000000000001
2026-04-08 08:49:36.709,40,87,95,8,0.1115,0.1218,4.35,4.75,30.47,1.0919540229885059,0.010300000000000004,0.40000000000000036
2026-04-08 08:50:07.719,42,94,103,9,0.1092,0.1196,4.48,4.9,31.01,1.0957446808510638,0.010399999999999993,0.41999999999999993
2026-04-08 08:50:15.160,20,36,41,5,0.1895,0.2158,3.6,4.1,7.441,1.1388888888888888,0.02629999999999999,0.49999999999999956
2026-04-08 08:50:41.113,19,35,40,5,0.2047,0.2339,3.68,4.21,25.953,1.1428571428571428,0.029200000000000004,0.5299999999999998
2026-04-08 08:50:47.677,16,28,33,5,0.2333,0.275,3.5,4.12,6.564,1.1785714285714286,0.041700000000000015,0.6200000000000001
2026-04-08 08:51:14.885,17,29,34,5,0.2132,0.25,3.41,4.0,27.208,1.1724137931034482,0.0368,0.5899999999999999
2026-04-08 08:51:22.241,20,40,45,5,0.2105,0.2368,4.0,4.5,7.356,1.125,0.026300000000000018,0.5
2026-04-08 08:51:48.475,18,32,37,5,0.2092,0.2418,3.56,4.11,26.234,1.15625,0.03259999999999999,0.5500000000000003
2026-04-08 08:51:57.502,33,69,75,6,0.1307,0.142,4.18,4.55,9.027,1.0869565217391304,0.011299999999999977,0.3700000000000001
2026-04-08 08:52:24.814,23,44,49,5,0.1739,0.1937,3.83,4.26,27.312,1.1136363636363635,0.019800000000000012,0.4299999999999997
2026-04-08 08:52:32.141,23,42,47,5,0.166,0.1858,3.65,4.09,7.327,1.119047619047619,0.019799999999999984,0.43999999999999995
2026-04-08 08:52:59.697,35,74,81,7,0.1244,0.1361,4.23,4.63,27.556,1.0945945945945945,0.011700000000000002,0.39999999999999947
2026-04-08 08:53:28.595,33,68,74,6,0.1288,0.1402,4.12,4.48,28.898,1.088235294117647,0.011399999999999993,0.3600000000000003
2026-04-08 08:53:37.705,39,69,75,6,0.0931,0.1012,3.54,3.85,9.11,1.0869565217391304,0.008099999999999996,0.31000000000000005
2026-04-08 08:54:09.120,40,73,80,7,0.0936,0.1026,3.65,4.0,31.415,1.095890410958904,0.008999999999999994,0.3500000000000001
2026-04-08 08:54:41.655,38,91,100,9,0.1294,0.1422,4.79,5.26,32.535,1.098901098901099,0.012800000000000006,0.46999999999999975
2026-04-08 08:55:12.851,40,94,103,9,0.1205,0.1321,4.7,5.15,31.196,1.0957446808510638,0.0116,0.4500000000000002
2026-04-08 08:55:37.067,38,66,72,6,0.0939,0.1024,3.47,3.79,24.216,1.0909090909090908,0.008500000000000008,0.31999999999999984
2026-04-08 08:55:48.010,37,79,86,7,0.1186,0.1291,4.27,4.65,10.943,1.0886075949367089,0.010499999999999995,0.3800000000000008
2026-04-08 08:56:18.365,36,77,84,7,0.1222,0.1333,4.28,4.67,30.355,1.0909090909090908,0.011099999999999999,0.3899999999999997
2026-04-08 08:56:44.675,34,56,61,5,0.0998,0.1087,3.29,3.59,26.31,1.0892857142857142,0.008900000000000005,0.2999999999999998
2026-04-08 08:56:57.959,34,67,73,6,0.1194,0.1301,3.94,4.29,13.284,1.0895522388059702,0.010699999999999987,0.3500000000000001
2026-04-08 08:57:30.388,32,64,70,6,0.129,0.1411,4.0,4.38,32.429,1.09375,0.0121,0.3799999999999999
2026-04-08 08:57:35.688,18,32,37,5,0.2092,0.2418,3.56,4.11,5.3,1.15625,0.03259999999999999,0.5500000000000003
2026-04-08 08:58:08.616,32,65,71,6,0.131,0.1431,4.06,4.44,32.928,1.0923076923076922,0.0121,0.3800000000000008
2026-04-08 08:58:42.437,34,67,73,6,0.1194,0.1301,3.94,4.29,33.821,1.0895522388059702,0.010699999999999987,0.3500000000000001
2026-04-08 08:58:50.785,30,58,63,5,0.1333,0.1448,3.87,4.2,8.348,1.0862068965517242,0.01150000000000001,0.33000000000000007
2026-04-08 08:59:14.731,5,9,10,1,0.9,1.0,3.6,4.0,23.946,1.1111111111111112,0.09999999999999998,0.3999999999999999
2026-04-08 08:59:27.350,45,88,96,8,0.0889,0.097,3.91,4.27,12.619,1.0909090909090908,0.008099999999999996,0.35999999999999943
2026-04-08 08:59:58.567,42,82,90,8,0.0952,0.1045,3.9,4.29,31.217,1.0975609756097562,0.009299999999999989,0.3900000000000001
2026-04-08 09:00:35.260,59,115,126,11,0.0672,0.0736,3.9,4.27,36.693,1.0956521739130434,0.006400000000000003,0.36999999999999966
2026-04-08 09:00:44.045,32,64,70,6,0.129,0.1411,4.0,4.38,8.785,1.09375,0.0121,0.3799999999999999
2026-04-08 09:01:13.878,33,69,75,6,0.1307,0.142,4.18,4.55,29.833,1.0869565217391304,0.011299999999999977,0.3700000000000001
2026-04-08 09:01:21.687,17,30,35,5,0.2206,0.2574,3.53,4.12,7.809,1.1666666666666667,0.03680000000000003,0.5900000000000003
2026-04-08 09:01:45.576,39,83,91,8,0.112,0.1228,4.26,4.67,23.889,1.0963855421686748,0.010800000000000004,0.41000000000000014
2026-04-08 09:02:18.579,38,82,90,8,0.1166,0.128,4.32,4.74,33.003,1.0975609756097562,0.011400000000000007,0.41999999999999993
2026-04-08 09:02:27.679,35,70,77,7,0.1176,0.1294,4.0,4.4,9.1,1.1,0.011799999999999991,0.40000000000000036
2026-04-08 09:02:54.297,16,29,34,5,0.2417,0.2833,3.62,4.25,26.618,1.1724137931034482,0.0416,0.6299999999999999
2026-04-08 09:03:02.136,26,49,54,5,0.1508,0.1662,3.77,4.15,7.839,1.1020408163265305,0.015399999999999997,0.38000000000000034
2026-04-08 09:03:36.738,51,95,104,9,0.0745,0.0816,3.73,4.08,34.602,1.0947368421052632,0.007100000000000009,0.3500000000000001
2026-04-08 09:04:12.919,52,98,107,9,0.0739,0.0807,3.77,4.12,36.181,1.0918367346938775,0.0068000000000000005,0.3500000000000001
2026-04-08 09:04:21.265,25,47,52,5,0.1567,0.1733,3.76,4.16,8.346,1.1063829787234043,0.016600000000000004,0.40000000000000036
2026-04-08 09:04:48.392,27,51,56,5,0.1453,0.1595,3.78,4.15,27.127,1.0980392156862746,0.01419999999999999,0.37000000000000055
2026-04-08 09:05:05.106,42,74,81,7,0.0859,0.0941,3.52,3.86,16.714,1.0945945945945945,0.008199999999999999,0.33999999999999986
2026-04-08 09:05:29.794,46,90,99,9,0.087,0.0957,3.91,4.3,24.688,1.1,0.0087,0.3899999999999997
2026-04-08 09:06:06.166,96,121,133,12,0.0265,0.0292,2.52,2.77,36.372,1.0991735537190082,0.002700000000000001,0.25
2026-04-08 09:06:12.000,12,22,27,5,0.3333,0.4091,3.67,4.5,5.834,1.2272727272727273,0.07580000000000003,0.8300000000000001
2026-04-08 09:06:39.356,22,46,51,5,0.1991,0.2208,4.18,4.64,27.356,1.108695652173913,0.021699999999999997,0.45999999999999996
2026-04-08 09:06:50.969,42,82,90,8,0.0952,0.1045,3.9,4.29,11.613,1.0975609756097562,0.009299999999999989,0.3900000000000001
2026-04-08 09:07:13.198,14,29,34,5,0.3187,0.3736,4.14,4.86,22.229,1.1724137931034482,0.054900000000000004,0.7200000000000006
2026-04-08 09:07:49.140,90,127,139,12,0.0317,0.0347,2.82,3.09,35.942,1.094488188976378,0.0030000000000000027,0.27
2026-04-08 09:08:31.921,14,31,36,5,0.3407,0.3956,4.43,5.14,42.781,1.1612903225806452,0.054900000000000004,0.71
2026-04-08 09:08:42.910,14,33,38,5,0.3626,0.4176,4.71,5.43,10.989,1.1515151515151516,0.05500000000000005,0.7199999999999998
2026-04-08 09:08:50.285,32,47,52,5,0.0948,0.1048,2.94,3.25,7.375,1.1063829787234043,0.010000000000000009,0.31000000000000005
2026-04-08 09:09:14.143,11,23,28,5,0.4182,0.5091,4.18,5.09,23.858,1.2173913043478262,0.09089999999999998,0.9100000000000001
2026-04-08 09:09:27.582,26,37,42,5,0.1138,0.1292,2.85,3.23,13.439,1.135135135135135,0.015400000000000011,0.3799999999999999
2026-04-08 09:09:42.711,11,20,25,5,0.3636,0.4545,3.64,4.55,15.129,1.25,0.09090000000000004,0.9099999999999997
2026-04-08 09:09:54.891,14,25,30,5,0.2747,0.3297,3.57,4.29,12.18,1.2,0.05499999999999999,0.7200000000000002
2026-04-08 09:10:01.213,18,35,40,5,0.2288,0.2614,3.89,4.44,6.322,1.1428571428571428,0.03260000000000002,0.5500000000000003
2026-04-08 09:10:26.497,16,32,37,5,0.2667,0.3083,4.0,4.62,25.284,1.15625,0.041600000000000026,0.6200000000000001
2026-04-08 09:10:33.500,17,34,39,5,0.25,0.2868,4.0,4.59,7.003,1.1470588235294117,0.0368,0.5899999999999999
2026-04-08 09:10:57.924,32,51,56,5,0.1028,0.1129,3.19,3.5,24.424,1.0980392156862746,0.010099999999999998,0.31000000000000005
2026-04-08 09:11:04.511,13,26,31,5,0.3333,0.3974,4.0,4.77,6.587,1.1923076923076923,0.06409999999999999,0.7699999999999996
2026-04-08 09:11:08.073,3,3,3,0,1.0,1.0,2.0,2.0,3.562,1.0,0.0,0.0
2026-04-08 09:11:31.068,22,40,45,5,0.1732,0.1948,3.64,4.09,22.995,1.125,0.021600000000000008,0.44999999999999973
2026-04-08 09:11:38.635,16,36,41,5,0.3,0.3417,4.5,5.12,7.567,1.1388888888888888,0.041700000000000015,0.6200000000000001
2026-04-08 09:12:11.613,38,82,90,8,0.1166,0.128,4.32,4.74,32.978,1.0975609756097562,0.011400000000000007,0.41999999999999993
2026-04-08 09:12:19.064,13,28,33,5,0.359,0.4231,4.31,5.08,7.451,1.1785714285714286,0.06409999999999999,0.7700000000000005
2026-04-08 09:12:43.590,12,24,29,5,0.3636,0.4394,4.0,4.83,24.526,1.2083333333333333,0.07580000000000003,0.8300000000000001
2026-04-08 09:12:50.922,14,29,34,5,0.3187,0.3736,4.14,4.86,7.332,1.1724137931034482,0.054900000000000004,0.7200000000000006
2026-04-08 09:13:19.948,39,61,67,6,0.0823,0.0904,3.13,3.44,29.026,1.098360655737705,0.008099999999999996,0.31000000000000005
2026-04-08 09:13:28.114,19,35,40,5,0.2047,0.2339,3.68,4.21,8.166,1.1428571428571428,0.029200000000000004,0.5299999999999998
2026-04-08 09:13:58.251,20,39,44,5,0.2053,0.2316,3.9,4.4,30.137,1.1282051282051282,0.02629999999999999,0.5000000000000004
2026-04-08 09:14:13.990,39,87,95,8,0.1174,0.1282,4.46,4.87,15.739,1.0919540229885059,0.010800000000000004,0.41000000000000014
2026-04-08 09:14:37.819,40,84,92,8,0.1077,0.1179,4.2,4.6,23.829,1.0952380952380953,0.0102,0.39999999999999947
2026-04-08 09:15:06.220,39,80,88,8,0.108,0.1188,4.1,4.51,28.401,1.1,0.010800000000000004,0.41000000000000014
2026-04-08 09:15:19.572,39,82,90,8,0.1107,0.1215,4.21,4.62,13.352,1.0975609756097562,0.01079999999999999,0.41000000000000014
2026-04-08 09:15:48.973,29,41,46,5,0.101,0.1133,2.83,3.17,29.401,1.1219512195121952,0.012299999999999991,0.33999999999999986
2026-04-08 09:15:57.096,22,40,45,5,0.1732,0.1948,3.64,4.09,8.123,1.125,0.021600000000000008,0.44999999999999973
2026-04-08 09:16:10.295,11,22,27,5,0.4,0.4909,4.0,4.91,13.199,1.2272727272727273,0.09089999999999998,0.9100000000000001
2026-04-08 09:16:23.292,8,16,21,5,0.5714,0.75,4.0,5.25,12.997,1.3125,0.17859999999999998,1.25
2026-04-08 09:16:29.136,13,22,27,5,0.2821,0.3462,3.38,4.15,5.844,1.2272727272727273,0.06409999999999999,0.7700000000000005
2026-04-08 09:16:44.813,18,33,38,5,0.2157,0.2484,3.67,4.22,15.677,1.1515151515151516,0.03270000000000001,0.5499999999999998
2026-04-08 09:16:58.559,12,22,27,5,0.3333,0.4091,3.67,4.5,13.746,1.2272727272727273,0.07580000000000003,0.8300000000000001
2026-04-08 09:17:03.366,8,15,20,5,0.5357,0.7143,3.75,5.0,4.807,1.3333333333333333,0.1786000000000001,1.25
2026-04-08 09:17:22.438,40,63,69,6,0.0808,0.0885,3.15,3.45,19.072,1.0952380952380953,0.0076999999999999985,0.30000000000000027
2026-04-08 09:17:34.957,12,25,30,5,0.3788,0.4545,4.17,5.0,12.519,1.2,0.07569999999999999,0.8300000000000001
2026-04-08 09:17:41.935,22,48,53,5,0.2078,0.2294,4.36,4.82,6.978,1.1041666666666667,0.02159999999999998,0.45999999999999996
2026-04-08 09:17:55.143,22,42,47,5,0.1818,0.2035,3.82,4.27,13.208,1.119047619047619,0.021699999999999997,0.44999999999999973
2026-04-08 09:18:13.494,18,32,37,5,0.2092,0.2418,3.56,4.11,18.351,1.15625,0.03259999999999999,0.5500000000000003
2026-04-08 09:18:19.414,12,22,27,5,0.3333,0.4091,3.67,4.5,5.92,1.2272727272727273,0.07580000000000003,0.8300000000000001
2026-04-08 09:18:25.588,17,36,41,5,0.2647,0.3015,4.24,4.82,6.174,1.1388888888888888,0.0368,0.5800000000000001
2026-04-08 09:18:51.495,14,26,31,5,0.2857,0.3407,3.71,4.43,25.907,1.1923076923076923,0.05499999999999999,0.7199999999999998
2026-04-08 09:18:58.658,22,36,41,5,0.1558,0.1775,3.27,3.73,7.163,1.1388888888888888,0.021699999999999997,0.45999999999999996
2026-04-08 09:19:34.087,43,94,103,9,0.1041,0.1141,4.37,4.79,35.429,1.0957446808510638,0.009999999999999995,0.41999999999999993
2026-04-08 09:19:45.554,42,84,92,8,0.0976,0.1069,4.0,4.38,11.467,1.0952380952380953,0.009299999999999989,0.3799999999999999
2026-04-08 09:20:17.134,44,94,103,9,0.0994,0.1089,4.27,4.68,31.58,1.0957446808510638,0.009499999999999995,0.41000000000000014
2026-04-08 09:20:24.439,24,41,46,5,0.1486,0.1667,3.42,3.83,7.305,1.1219512195121952,0.018099999999999977,0.41000000000000014
2026-04-08 09:20:59.637,48,99,108,9,0.0878,0.0957,4.12,4.5,35.198,1.0909090909090908,0.00789999999999999,0.3799999999999999
2026-04-08 09:21:06.584,25,46,51,5,0.1533,0.17,3.68,4.08,6.947,1.108695652173913,0.01670000000000002,0.3999999999999999
2026-04-08 09:21:42.401,46,96,105,9,0.0928,0.1014,4.17,4.57,35.817,1.09375,0.00860000000000001,0.40000000000000036
2026-04-08 09:21:55.250,48,98,107,9,0.0869,0.0949,4.08,4.46,12.849,1.0918367346938775,0.007999999999999993,0.3799999999999999
2026-04-08 09:22:23.333,25,43,48,5,0.1433,0.16,3.44,3.84,28.083,1.1162790697674418,0.016699999999999993,0.3999999999999999
2026-04-08 09:22:37.089,48,96,105,9,0.0851,0.0931,4.0,4.38,13.756,1.09375,0.008000000000000007,0.3799999999999999
2026-04-08 09:23:13.086,44,96,105,9,0.1015,0.111,4.36,4.77,35.997,1.09375,0.009499999999999995,0.40999999999999925
2026-04-08 09:23:24.941,42,88,96,8,0.1022,0.1115,4.19,4.57,11.855,1.0909090909090908,0.009300000000000003,0.3799999999999999
2026-04-08 09:23:55.903,40,59,64,5,0.0756,0.0821,2.95,3.2,30.962,1.0847457627118644,0.006500000000000006,0.25
2026-04-08 09:24:04.684,38,60,66,6,0.0853,0.0939,3.16,3.47,8.781,1.1,0.008599999999999997,0.31000000000000005
2026-04-08 09:24:39.195,40,81,89,8,0.1038,0.1141,4.05,4.45,34.511,1.0987654320987654,0.01029999999999999,0.40000000000000036
2026-04-08 09:24:51.663,41,86,94,8,0.1049,0.1146,4.2,4.59,12.468,1.0930232558139534,0.0097,0.3899999999999997
2026-04-08 09:25:26.931,42,94,103,9,0.1092,0.1196,4.48,4.9,35.268,1.0957446808510638,0.010399999999999993,0.41999999999999993
2026-04-08 09:25:37.411,40,91,100,9,0.1167,0.1282,4.55,5.0,10.48,1.098901098901099,0.01150000000000001,0.4500000000000002
2026-04-08 09:26:12.037,44,95,104,9,0.1004,0.1099,4.32,4.73,34.626,1.0947368421052632,0.009499999999999995,0.41000000000000014
2026-04-08 09:26:19.182,24,40,45,5,0.1449,0.163,3.33,3.75,7.145,1.125,0.018100000000000005,0.41999999999999993
2026-04-08 09:26:56.960,44,94,103,9,0.0994,0.1089,4.27,4.68,37.778,1.0957446808510638,0.009499999999999995,0.41000000000000014
2026-04-08 09:27:03.580,20,39,44,5,0.2053,0.2316,3.9,4.4,6.62,1.1282051282051282,0.02629999999999999,0.5000000000000004
2026-04-08 09:27:38.895,42,95,104,9,0.1103,0.1208,4.52,4.95,35.315,1.0947368421052632,0.01050000000000001,0.4300000000000006
2026-04-08 09:27:47.749,27,49,54,5,0.1396,0.1538,3.63,4.0,8.854,1.1020408163265305,0.01419999999999999,0.3700000000000001
2026-04-08 09:28:25.604,48,96,105,9,0.0851,0.0931,4.0,4.38,37.855,1.09375,0.008000000000000007,0.3799999999999999
2026-04-08 09:28:34.723,31,66,72,6,0.1419,0.1548,4.26,4.65,9.119,1.0909090909090908,0.012899999999999995,0.39000000000000057
2026-04-08 09:29:06.622,30,60,66,6,0.1379,0.1517,4.0,4.4,31.899,1.1,0.013800000000000007,0.40000000000000036
2026-04-08 09:29:19.472,46,100,110,10,0.0966,0.1063,4.35,4.78,12.85,1.1,0.0097,0.4300000000000006
2026-04-08 09:29:54.510,47,92,101,9,0.0851,0.0934,3.91,4.3,35.038,1.0978260869565217,0.008300000000000002,0.3899999999999997
2026-04-08 09:30:06.066,50,86,94,8,0.0702,0.0767,3.44,3.76,11.556,1.0930232558139534,0.006500000000000006,0.31999999999999984
2026-04-08 09:30:40.414,40,77,84,7,0.0987,0.1077,3.85,4.2,34.348,1.0909090909090908,0.009000000000000008,0.3500000000000001
2026-04-08 09:30:51.412,55,77,84,7,0.0519,0.0566,2.8,3.05,10.998,1.0909090909090908,0.004699999999999996,0.25
2026-04-08 09:31:28.987,62,108,118,10,0.0571,0.0624,3.48,3.81,37.575,1.0925925925925926,0.005299999999999999,0.33000000000000007
2026-04-08 09:31:39.598,34,72,79,7,0.1283,0.1408,4.24,4.65,10.611,1.0972222222222223,0.012500000000000011,0.41000000000000014
2026-04-08 09:32:09.625,29,53,58,5,0.1305,0.1429,3.66,4.0,30.027,1.0943396226415094,0.012399999999999994,0.33999999999999986
2026-04-08 09:32:17.277,25,45,50,5,0.15,0.1667,3.6,4.0,7.652,1.1111111111111112,0.016699999999999993,0.3999999999999999
2026-04-08 09:32:55.816,56,100,110,10,0.0649,0.0714,3.57,3.93,38.539,1.1,0.006500000000000006,0.3600000000000003
2026-04-08 09:33:09.568,57,105,115,10,0.0658,0.0721,3.68,4.04,13.752,1.0952380952380953,0.0063,0.3599999999999999
2026-04-08 09:33:40.072,27,61,67,6,0.1738,0.1909,4.52,4.96,30.504,1.098360655737705,0.017099999999999976,0.4400000000000004
2026-04-08 09:33:46.761,22,43,48,5,0.1861,0.2078,3.91,4.36,6.689,1.1162790697674418,0.021700000000000025,0.4500000000000002
2026-04-08 09:34:16.900,24,43,48,5,0.1558,0.1739,3.58,4.0,30.139,1.1162790697674418,0.018100000000000005,0.41999999999999993
2026-04-08 09:34:24.122,23,50,55,5,0.1976,0.2174,4.35,4.78,7.222,1.1,0.019800000000000012,0.4300000000000006
2026-04-08 09:35:01.357,57,101,111,10,0.0633,0.0695,3.54,3.89,37.235,1.099009900990099,0.006200000000000011,0.3500000000000001
2026-04-08 09:35:10.125,24,50,55,5,0.1812,0.1993,4.17,4.58,8.768,1.1,0.018100000000000005,0.41000000000000014
2026-04-08 09:35:42.406,24,50,55,5,0.1812,0.1993,4.17,4.58,32.281,1.1,0.018100000000000005,0.41000000000000014
2026-04-08 09:35:50.129,23,47,52,5,0.1858,0.2055,4.09,4.52,7.723,1.1063829787234043,0.019699999999999995,0.4299999999999997
2026-04-08 09:36:23.552,25,55,60,5,0.1833,0.2,4.4,4.8,33.423,1.0909090909090908,0.01670000000000002,0.39999999999999947
2026-04-08 09:36:31.542,23,51,56,5,0.2016,0.2213,4.43,4.87,7.99,1.0980392156862746,0.019699999999999995,0.4400000000000004
2026-04-08 09:37:09.214,48,104,114,10,0.0922,0.1011,4.33,4.75,37.672,1.0961538461538463,0.008899999999999991,0.41999999999999993
2026-04-08 09:37:19.494,27,47,52,5,0.1339,0.1481,3.48,3.85,10.28,1.1063829787234043,0.014200000000000018,0.3700000000000001
2026-04-08 09:37:35.720,15,34,39,5,0.3238,0.3714,4.53,5.2,16.226,1.1470588235294117,0.04760000000000003,0.6699999999999999
2026-04-08 09:37:58.816,44,97,106,9,0.1025,0.1121,4.41,4.82,23.096,1.092783505154639,0.009600000000000011,0.41000000000000014
2026-04-08 09:38:09.228,29,64,70,6,0.1576,0.1724,4.41,4.83,10.412,1.09375,0.014800000000000008,0.41999999999999993
2026-04-08 09:38:39.386,21,41,46,5,0.1952,0.219,3.9,4.38,30.158,1.1219512195121952,0.023799999999999988,0.48
2026-04-08 09:38:49.953,34,63,69,6,0.1123,0.123,3.71,4.06,10.567,1.0952380952380953,0.010700000000000001,0.34999999999999964
2026-04-08 09:39:19.555,30,57,62,5,0.131,0.1425,3.8,4.13,29.602,1.087719298245614,0.011499999999999982,0.33000000000000007
2026-04-08 09:39:29.251,40,79,86,7,0.1013,0.1103,3.95,4.3,9.696,1.0886075949367089,0.008999999999999994,0.34999999999999964
2026-04-08 09:40:07.299,54,105,115,10,0.0734,0.0804,3.89,4.26,38.048,1.0952380952380953,0.006999999999999992,0.36999999999999966
2026-04-08 09:40:14.978,18,35,40,5,0.2288,0.2614,3.89,4.44,7.679,1.1428571428571428,0.03260000000000002,0.5500000000000003
2026-04-08 09:40:48.947,36,74,81,7,0.1175,0.1286,4.11,4.5,33.969,1.0945945945945945,0.011099999999999999,0.3899999999999997
2026-04-08 09:40:59.050,37,81,89,8,0.1216,0.1336,4.38,4.81,10.103,1.0987654320987654,0.011999999999999997,0.4299999999999997
2026-04-08 09:41:33.575,34,76,83,7,0.1355,0.148,4.47,4.88,34.525,1.0921052631578947,0.012499999999999983,0.41000000000000014
2026-04-08 09:41:40.913,23,50,55,5,0.1976,0.2174,4.35,4.78,7.338,1.1,0.019800000000000012,0.4300000000000006
2026-04-08 09:42:15.827,32,68,74,6,0.1371,0.1492,4.25,4.62,34.914,1.088235294117647,0.0121,0.3700000000000001
2026-04-08 09:42:26.978,33,76,83,7,0.1439,0.1572,4.61,5.03,11.151,1.0921052631578947,0.013300000000000006,0.41999999999999993
2026-04-08 09:42:57.605,29,65,71,6,0.1601,0.1749,4.48,4.9,30.627,1.0923076923076922,0.014800000000000008,0.41999999999999993
2026-04-08 09:43:07.678,39,71,78,7,0.0958,0.1053,3.64,4.0,10.073,1.0985915492957747,0.009500000000000008,0.3599999999999999
2026-04-08 09:43:39.904,34,70,77,7,0.1248,0.1373,4.12,4.53,32.226,1.1,0.012500000000000011,0.41000000000000014
2026-04-08 09:43:48.851,36,71,78,7,0.1127,0.1238,3.94,4.33,8.947,1.0985915492957747,0.011099999999999999,0.3900000000000001
2026-04-08 09:44:18.375,21,35,40,5,0.1667,0.1905,3.33,3.81,29.524,1.1428571428571428,0.023800000000000016,0.48
2026-04-08 09:44:23.733,6,11,15,4,0.7333,1.0,3.67,5.0,5.358,1.3636363636363635,0.26670000000000005,1.33
2026-04-08 09:44:53.998,22,50,55,5,0.2165,0.2381,4.55,5.0,30.265,1.1,0.021600000000000008,0.4500000000000002
2026-04-08 09:45:00.728,18,40,45,5,0.2614,0.2941,4.44,5.0,6.73,1.125,0.03269999999999995,0.5599999999999996
2026-04-08 09:45:08.179,18,41,46,5,0.268,0.3007,4.56,5.11,7.451,1.1219512195121952,0.03270000000000001,0.5500000000000007
2026-04-08 09:45:38.112,34,64,70,6,0.1141,0.1248,3.76,4.12,29.933,1.09375,0.010700000000000001,0.3600000000000003
2026-04-08 09:45:47.693,32,61,67,6,0.123,0.1351,3.81,4.19,9.581,1.098360655737705,0.0121,0.38000000000000034
2026-04-08 09:46:21.904,33,62,68,6,0.1174,0.1288,3.76,4.12,34.211,1.096774193548387,0.011399999999999993,0.3600000000000003
2026-04-08 09:46:30.262,28,62,68,6,0.164,0.1799,4.43,4.86,8.358,1.096774193548387,0.015899999999999997,0.4300000000000006
2026-04-08 09:47:06.063,40,88,96,8,0.1128,0.1231,4.4,4.8,35.801,1.0909090909090908,0.010300000000000004,0.39999999999999947
2026-04-08 09:47:17.937,42,76,83,7,0.0883,0.0964,3.62,3.95,11.874,1.0921052631578947,0.008099999999999996,0.33000000000000007
2026-04-08 09:47:48.753,39,58,63,5,0.0783,0.085,2.97,3.23,30.816,1.0862068965517242,0.0067000000000000115,0.2599999999999998
2026-04-08 09:47:56.786,28,48,53,5,0.127,0.1402,3.43,3.79,8.033,1.1041666666666667,0.01319999999999999,0.3599999999999999
2026-04-08 09:48:27.431,29,52,57,5,0.1281,0.1404,3.59,3.93,30.645,1.0961538461538463,0.012300000000000005,0.3400000000000003
2026-04-08 09:48:36.193,30,67,73,6,0.154,0.1678,4.47,4.87,8.762,1.0895522388059702,0.013800000000000007,0.40000000000000036
2026-04-08 09:49:06.919,14,26,31,5,0.2857,0.3407,3.71,4.43,30.726,1.1923076923076923,0.05499999999999999,0.7199999999999998
2026-04-08 09:49:14.773,32,60,66,6,0.121,0.1331,3.75,4.12,7.854,1.1,0.0121,0.3700000000000001
2026-04-08 09:49:43.660,35,66,72,6,0.1109,0.121,3.77,4.11,28.887,1.0909090909090908,0.010099999999999998,0.3400000000000003
2026-04-08 09:49:50.888,24,40,45,5,0.1449,0.163,3.33,3.75,7.228,1.125,0.018100000000000005,0.41999999999999993
2026-04-08 09:49:58.145,17,30,35,5,0.2206,0.2574,3.53,4.12,7.257,1.1666666666666667,0.03680000000000003,0.5900000000000003
2026-04-08 09:50:15.652,18,33,38,5,0.2157,0.2484,3.67,4.22,17.507,1.1515151515151516,0.03270000000000001,0.5499999999999998
2026-04-08 09:50:31.711,16,29,34,5,0.2417,0.2833,3.62,4.25,16.059,1.1724137931034482,0.0416,0.6299999999999999
2026-04-08 09:50:38.191,19,36,41,5,0.2105,0.2398,3.79,4.32,6.48,1.1388888888888888,0.02930000000000002,0.5300000000000002
2026-04-08 09:50:44.616,19,35,40,5,0.2047,0.2339,3.68,4.21,6.425,1.1428571428571428,0.029200000000000004,0.5299999999999998
2026-04-08 09:51:12.202,21,42,47,5,0.2,0.2238,4.0,4.48,27.586,1.119047619047619,0.023799999999999988,0.4800000000000004
2026-04-08 09:51:19.701,23,52,57,5,0.2055,0.2253,4.52,4.96,7.499,1.0961538461538463,0.019800000000000012,0.4400000000000004
2026-04-08 09:51:45.078,25,51,56,5,0.17,0.1867,4.08,4.48,25.377,1.0980392156862746,0.016699999999999993,0.40000000000000036
2026-04-08 09:51:59.083,27,60,66,6,0.1709,0.188,4.44,4.89,14.005,1.1,0.017100000000000004,0.4499999999999993
2026-04-08 09:52:06.254,24,48,53,5,0.1739,0.192,4.0,4.42,7.171,1.1041666666666667,0.018100000000000005,0.41999999999999993
2026-04-08 09:52:38.243,24,49,54,5,0.1775,0.1957,4.08,4.5,31.989,1.1020408163265305,0.01820000000000002,0.41999999999999993
2026-04-08 09:52:47.119,32,61,67,6,0.123,0.1351,3.81,4.19,8.876,1.098360655737705,0.0121,0.38000000000000034
2026-04-08 09:53:20.800,31,59,64,5,0.1269,0.1376,3.81,4.13,33.681,1.0847457627118644,0.010699999999999987,0.31999999999999984
2026-04-08 09:53:30.013,33,71,78,7,0.1345,0.1477,4.3,4.73,9.213,1.0985915492957747,0.01319999999999999,0.4300000000000006
2026-04-08 09:54:04.537,34,73,80,7,0.1301,0.1426,4.29,4.71,34.524,1.095890410958904,0.012500000000000011,0.41999999999999993
2026-04-08 09:54:12.679,32,60,66,6,0.121,0.1331,3.75,4.12,8.142,1.1,0.0121,0.3700000000000001
2026-04-08 09:54:45.354,32,70,77,7,0.1411,0.1552,4.38,4.81,32.675,1.1,0.014100000000000001,0.4299999999999997
2026-04-08 09:54:56.333,44,78,85,7,0.0825,0.0899,3.55,3.86,10.979,1.0897435897435896,0.00739999999999999,0.31000000000000005
2026-04-08 09:55:30.366,40,84,92,8,0.1077,0.1179,4.2,4.6,34.033,1.0952380952380953,0.0102,0.39999999999999947
2026-04-08 09:55:39.663,40,73,80,7,0.0936,0.1026,3.65,4.0,9.297,1.095890410958904,0.008999999999999994,0.3500000000000001
2026-04-08 09:56:04.989,38,61,67,6,0.0868,0.0953,3.21,3.53,25.326,1.098360655737705,0.008499999999999994,0.31999999999999984
2026-04-08 09:56:18.120,30,56,61,5,0.1287,0.1402,3.73,4.07,13.131,1.0892857142857142,0.011499999999999982,0.3400000000000003
2026-04-08 09:56:27.093,38,70,77,7,0.0996,0.1095,3.68,4.05,8.973,1.1,0.009900000000000006,0.36999999999999966
2026-04-08 09:57:03.130,44,85,93,8,0.0899,0.0983,3.86,4.23,36.037,1.0941176470588236,0.008400000000000005,0.37000000000000055
2026-04-08 09:57:33.608,60,107,117,10,0.0605,0.0661,3.57,3.9,30.478,1.0934579439252337,0.005600000000000008,0.33000000000000007
2026-04-08 09:57:47.000,28,51,56,5,0.1349,0.1481,3.64,4.0,13.392,1.0980392156862746,0.013200000000000017,0.3599999999999999
2026-04-08 09:57:54.296,16,32,37,5,0.2667,0.3083,4.0,4.62,7.296,1.15625,0.041600000000000026,0.6200000000000001
2026-04-08 09:58:30.805,50,86,94,8,0.0702,0.0767,3.44,3.76,36.509,1.0930232558139534,0.006500000000000006,0.31999999999999984
2026-04-08 09:58:42.373,52,87,95,8,0.0656,0.0716,3.35,3.65,11.568,1.0919540229885059,0.0059999999999999915,0.2999999999999998
2026-04-08 09:59:16.349,48,78,85,7,0.0691,0.0754,3.25,3.54,33.976,1.0897435897435896,0.0063,0.29000000000000004
2026-04-08 09:59:26.840,50,84,92,8,0.0686,0.0751,3.36,3.68,10.491,1.0952380952380953,0.006500000000000006,0.3200000000000003
2026-04-08 10:00:01.788,42,82,90,8,0.0952,0.1045,3.9,4.29,34.948,1.0975609756097562,0.009299999999999989,0.3900000000000001
2026-04-08 10:00:12.589,43,83,91,8,0.0919,0.1008,3.86,4.23,10.801,1.0963855421686748,0.008900000000000005,0.37000000000000055
2026-04-08 10:00:47.112,41,79,86,7,0.0963,0.1049,3.85,4.2,34.523,1.0886075949367089,0.008599999999999997,0.3500000000000001
2026-04-08 10:00:57.675,39,80,88,8,0.108,0.1188,4.1,4.51,10.563,1.1,0.010800000000000004,0.41000000000000014
2026-04-08 10:01:33.327,38,74,81,7,0.1053,0.1152,3.89,4.26,35.652,1.0945945945945945,0.009899999999999992,0.36999999999999966
2026-04-08 10:02:11.544,62,104,114,10,0.055,0.0603,3.35,3.68,38.217,1.0961538461538463,0.005299999999999999,0.33000000000000007
2026-04-08 10:02:25.804,60,100,110,10,0.0565,0.0621,3.33,3.67,14.26,1.1,0.005600000000000001,0.33999999999999986
2026-04-08 10:03:01.988,96,109,119,10,0.0239,0.0261,2.27,2.48,36.184,1.091743119266055,0.0022000000000000006,0.20999999999999996
2026-04-08 10:03:28.143,54,99,108,9,0.0692,0.0755,3.67,4.0,26.155,1.0909090909090908,0.0063,0.33000000000000007
2026-04-08 10:03:52.812,124,139,152,13,0.0182,0.0199,2.24,2.45,24.669,1.0935251798561152,0.0017000000000000001,0.20999999999999996
2026-04-08 10:04:37.160,126,141,155,14,0.0179,0.0197,2.24,2.46,44.348,1.099290780141844,0.0017999999999999995,0.21999999999999975
2026-04-08 10:05:21.377,122,149,163,14,0.0202,0.0221,2.44,2.67,44.217,1.0939597315436242,0.0019000000000000024,0.22999999999999998
2026-04-08 10:05:29.106,24,51,56,5,0.1848,0.2029,4.25,4.67,7.729,1.0980392156862746,0.018100000000000005,0.41999999999999993
2026-04-08 10:06:02.802,41,74,81,7,0.0902,0.0988,3.61,3.95,33.696,1.0945945945945945,0.008599999999999997,0.3400000000000003
2026-04-08 10:06:16.724,49,93,102,9,0.0791,0.0867,3.8,4.16,13.922,1.096774193548387,0.007599999999999996,0.3600000000000003
2026-04-08 10:06:51.104,44,89,97,8,0.0941,0.1025,4.05,4.41,34.38,1.0898876404494382,0.00839999999999999,0.3600000000000003
2026-04-08 10:07:02.978,42,84,92,8,0.0976,0.1069,4.0,4.38,11.874,1.0952380952380953,0.009299999999999989,0.3799999999999999
2026-04-08 10:07:34.596,41,83,91,8,0.1012,0.111,4.05,4.44,31.618,1.0963855421686748,0.009800000000000003,0.39000000000000057
2026-04-08 10:07:45.728,42,82,90,8,0.0952,0.1045,3.9,4.29,11.132,1.0975609756097562,0.009299999999999989,0.3900000000000001
2026-04-08 10:08:20.541,46,93,102,9,0.0899,0.0986,4.04,4.43,34.813,1.096774193548387,0.0087,0.3899999999999997
2026-04-08 10:08:59.966,55,98,107,9,0.066,0.0721,3.56,3.89,39.425,1.0918367346938775,0.006099999999999994,0.33000000000000007
2026-04-08 10:09:13.203,50,92,101,9,0.0751,0.0824,3.68,4.04,13.237,1.0978260869565217,0.007300000000000001,0.3599999999999999
2026-04-08 10:09:47.476,42,82,90,8,0.0952,0.1045,3.9,4.29,34.273,1.0975609756097562,0.009299999999999989,0.3900000000000001
2026-04-08 10:10:00.224,48,94,103,9,0.0833,0.0913,3.92,4.29,12.748,1.0957446808510638,0.008000000000000007,0.3700000000000001
2026-04-08 10:10:36.137,51,99,108,9,0.0776,0.0847,3.88,4.24,35.913,1.0909090909090908,0.007099999999999995,0.3600000000000003
2026-04-08 10:10:43.870,24,50,55,5,0.1812,0.1993,4.17,4.58,7.733,1.1,0.018100000000000005,0.41000000000000014
2026-04-08 10:11:20.934,51,89,97,8,0.0698,0.0761,3.49,3.8,37.064,1.0898876404494382,0.0063,0.3099999999999996
2026-04-08 10:11:42.989,52,96,105,9,0.0724,0.0792,3.69,4.04,22.055,1.09375,0.0068000000000000005,0.3500000000000001
2026-04-08 10:12:01.347,22,38,43,5,0.1645,0.1861,3.45,3.91,18.358,1.131578947368421,0.02159999999999998,0.45999999999999996
2026-04-08 10:12:16.702,44,92,101,9,0.0973,0.1068,4.18,4.59,15.355,1.0978260869565217,0.009500000000000008,0.41000000000000014
2026-04-08 10:12:51.560,44,90,99,9,0.0951,0.1047,4.09,4.5,34.858,1.1,0.009599999999999997,0.41000000000000014
2026-04-08 10:13:00.055,31,64,70,6,0.1376,0.1505,4.13,4.52,8.495,1.09375,0.012899999999999995,0.3899999999999997
2026-04-08 10:13:33.603,27,53,58,5,0.151,0.1652,3.93,4.3,33.548,1.0943396226415094,0.014200000000000018,0.36999999999999966
2026-04-08 10:13:42.871,25,45,50,5,0.15,0.1667,3.6,4.0,9.268,1.1111111111111112,0.016699999999999993,0.3999999999999999
2026-04-08 10:14:14.159,38,53,58,5,0.0754,0.0825,2.79,3.05,31.288,1.0943396226415094,0.007100000000000009,0.2599999999999998
2026-04-08 10:14:21.453,21,42,47,5,0.2,0.2238,4.0,4.48,7.294,1.119047619047619,0.023799999999999988,0.4800000000000004
2026-04-08 10:14:51.918,29,57,62,5,0.1404,0.1527,3.93,4.28,30.465,1.087719298245614,0.012300000000000005,0.3500000000000001
2026-04-08 10:14:58.958,20,37,42,5,0.1947,0.2211,3.7,4.2,7.04,1.135135135135135,0.02639999999999998,0.5
2026-04-08 10:15:30.308,21,37,42,5,0.1762,0.2,3.52,4.0,31.35,1.135135135135135,0.023800000000000016,0.48
2026-04-08 10:15:42.356,50,98,107,9,0.08,0.0873,3.92,4.28,12.048,1.0918367346938775,0.007300000000000001,0.3600000000000003
2026-04-08 10:16:09.031,46,96,105,9,0.0928,0.1014,4.17,4.57,26.675,1.09375,0.00860000000000001,0.40000000000000036
2026-04-08 10:16:22.028,49,94,103,9,0.0799,0.0876,3.84,4.2,12.997,1.0957446808510638,0.0076999999999999985,0.3600000000000003
2026-04-08 10:16:53.229,27,49,54,5,0.1396,0.1538,3.63,4.0,31.201,1.1020408163265305,0.01419999999999999,0.3700000000000001
2026-04-08 10:16:58.977,12,22,27,5,0.3333,0.4091,3.67,4.5,5.748,1.2272727272727273,0.07580000000000003,0.8300000000000001
2026-04-08 10:17:04.973,14,26,31,5,0.2857,0.3407,3.71,4.43,5.996,1.1923076923076923,0.05499999999999999,0.7199999999999998
2026-04-08 10:17:34.944,23,48,53,5,0.1897,0.2095,4.17,4.61,29.971,1.1041666666666667,0.019799999999999984,0.4400000000000004
2026-04-08 10:17:42.367,24,51,56,5,0.1848,0.2029,4.25,4.67,7.423,1.0980392156862746,0.018100000000000005,0.41999999999999993
2026-04-08 10:18:15.090,33,61,67,6,0.1155,0.1269,3.7,4.06,32.723,1.098360655737705,0.011400000000000007,0.35999999999999943
2026-04-08 10:18:23.918,27,51,56,5,0.1453,0.1595,3.78,4.15,8.828,1.0980392156862746,0.01419999999999999,0.37000000000000055
2026-04-08 10:18:56.407,25,51,56,5,0.17,0.1867,4.08,4.48,32.489,1.0980392156862746,0.016699999999999993,0.40000000000000036
2026-04-08 10:19:04.735,28,52,57,5,0.1376,0.1508,3.71,4.07,8.328,1.0961538461538463,0.01319999999999999,0.3600000000000003
2026-04-08 10:19:37.223,28,54,59,5,0.1429,0.1561,3.86,4.21,32.488,1.0925925925925926,0.01319999999999999,0.3500000000000001
2026-04-08 10:19:42.953,12,22,27,5,0.3333,0.4091,3.67,4.5,5.73,1.2272727272727273,0.07580000000000003,0.8300000000000001
2026-04-08 10:20:13.322,26,49,54,5,0.1508,0.1662,3.77,4.15,30.369,1.1020408163265305,0.015399999999999997,0.38000000000000034
2026-04-08 10:20:21.125,28,49,54,5,0.1296,0.1429,3.5,3.86,7.803,1.1020408163265305,0.013300000000000006,0.3599999999999999
2026-04-08 10:20:35.510,28,54,59,5,0.1429,0.1561,3.86,4.21,14.385,1.0925925925925926,0.01319999999999999,0.3500000000000001
2026-04-08 10:20:57.300,26,49,54,5,0.1508,0.1662,3.77,4.15,21.79,1.1020408163265305,0.015399999999999997,0.38000000000000034
2026-04-08 10:21:04.604,24,45,50,5,0.163,0.1812,3.75,4.17,7.304,1.1111111111111112,0.018199999999999994,0.41999999999999993
2026-04-08 10:21:34.672,23,39,44,5,0.1542,0.1739,3.39,3.83,30.068,1.1282051282051282,0.019699999999999995,0.43999999999999995
2026-04-08 10:21:43.399,27,58,63,5,0.1652,0.1795,4.3,4.67,8.727,1.0862068965517242,0.01429999999999998,0.3700000000000001
2026-04-08 10:22:16.766,39,67,73,6,0.0904,0.0985,3.44,3.74,33.367,1.0895522388059702,0.00810000000000001,0.30000000000000027
2026-04-08 10:22:29.455,42,87,95,8,0.101,0.1103,4.14,4.52,12.689,1.0919540229885059,0.009299999999999989,0.3799999999999999
2026-04-08 10:23:02.948,42,85,93,8,0.0987,0.108,4.05,4.43,33.493,1.0941176470588236,0.009300000000000003,0.3799999999999999
2026-04-08 10:23:36.327,64,118,129,11,0.0585,0.064,3.69,4.03,33.379,1.0932203389830508,0.005499999999999998,0.3400000000000003
2026-04-08 10:23:49.061,38,71,78,7,0.101,0.111,3.74,4.11,12.734,1.0985915492957747,0.009999999999999995,0.3700000000000001
2026-04-08 10:23:56.849,22,42,47,5,0.1818,0.2035,3.82,4.27,7.788,1.119047619047619,0.021699999999999997,0.44999999999999973
2026-04-08 10:24:23.528,9,8,13,5,0.2222,0.3611,1.78,2.89,26.679,1.625,0.13889999999999997,1.11
2026-04-08 10:24:32.033,26,51,56,5,0.1569,0.1723,3.92,4.31,8.505,1.0980392156862746,0.015399999999999997,0.3899999999999997
2026-04-08 10:25:01.954,19,42,47,5,0.2456,0.2749,4.42,4.95,29.921,1.119047619047619,0.029299999999999965,0.5300000000000002
2026-04-08 10:25:40.064,66,112,123,11,0.0522,0.0573,3.39,3.73,38.11,1.0982142857142858,0.005099999999999993,0.33999999999999986
2026-04-08 10:25:48.691,27,56,61,5,0.1595,0.1738,4.15,4.52,8.627,1.0892857142857142,0.014300000000000007,0.3699999999999992
2026-04-08 10:26:22.303,34,62,68,6,0.1105,0.1212,3.65,4.0,33.612,1.096774193548387,0.010700000000000001,0.3500000000000001
2026-04-08 10:26:30.991,28,56,61,5,0.1481,0.1614,4.0,4.36,8.688,1.0892857142857142,0.013299999999999979,0.3600000000000003
2026-04-08 10:27:03.054,26,46,51,5,0.1415,0.1569,3.54,3.92,32.063,1.108695652173913,0.015400000000000025,0.3799999999999999
2026-04-08 10:27:11.147,26,54,59,5,0.1662,0.1815,4.15,4.54,8.093,1.0925925925925926,0.015300000000000008,0.3899999999999997
2026-04-08 10:27:45.513,28,59,64,5,0.1561,0.1693,4.21,4.57,34.366,1.0847457627118644,0.013200000000000017,0.3600000000000003
2026-04-08 10:27:52.897,19,41,46,5,0.2398,0.269,4.32,4.84,7.384,1.1219512195121952,0.029200000000000004,0.5199999999999996
2026-04-08 10:28:25.045,20,46,51,5,0.2421,0.2684,4.6,5.1,32.148,1.108695652173913,0.026300000000000018,0.5
2026-04-08 10:28:33.386,20,49,54,5,0.2579,0.2842,4.9,5.4,8.341,1.1020408163265305,0.02629999999999999,0.5
2026-04-08 10:29:05.923,42,75,82,7,0.0871,0.0952,3.57,3.9,32.537,1.0933333333333333,0.00810000000000001,0.33000000000000007
2026-04-08 10:29:29.401,42,76,83,7,0.0883,0.0964,3.62,3.95,23.478,1.0921052631578947,0.008099999999999996,0.33000000000000007
2026-04-08 10:29:45.204,15,25,30,5,0.2381,0.2857,3.33,4.0,15.803,1.2,0.0476,0.6699999999999999
2026-04-08 10:29:51.062,11,19,24,5,0.3455,0.4364,3.45,4.36,5.858,1.263157894736842,0.09090000000000004,0.9100000000000001
2026-04-08 10:29:56.360,10,17,22,5,0.3778,0.4889,3.4,4.4,5.298,1.2941176470588236,0.11109999999999998,1.0000000000000004
2026-04-08 10:30:24.918,12,24,29,5,0.3636,0.4394,4.0,4.83,28.558,1.2083333333333333,0.07580000000000003,0.8300000000000001
2026-04-08 10:30:32.070,30,52,57,5,0.1195,0.131,3.47,3.8,7.152,1.0961538461538463,0.01150000000000001,0.3299999999999996
2026-04-08 10:31:03.218,15,26,31,5,0.2476,0.2952,3.47,4.13,31.148,1.1923076923076923,0.04760000000000003,0.6599999999999997
2026-04-08 10:31:08.658,10,20,25,5,0.4444,0.5556,4.0,5.0,5.44,1.25,0.11119999999999997,1.0
2026-04-08 10:31:15.428,18,34,39,5,0.2222,0.2549,3.78,4.33,6.77,1.1470588235294117,0.03270000000000001,0.5500000000000003
2026-04-08 10:31:43.619,22,40,45,5,0.1732,0.1948,3.64,4.09,28.191,1.125,0.021600000000000008,0.44999999999999973
2026-04-08 10:31:50.136,12,22,27,5,0.3333,0.4091,3.67,4.5,6.517,1.2272727272727273,0.07580000000000003,0.8300000000000001
2026-04-08 10:32:25.445,36,70,77,7,0.1111,0.1222,3.89,4.28,35.309,1.1,0.011099999999999999,0.3900000000000001
2026-04-08 10:32:33.445,30,51,56,5,0.1172,0.1287,3.4,3.73,8.0,1.0980392156862746,0.01150000000000001,0.33000000000000007
2026-04-08 10:33:06.437,30,52,57,5,0.1195,0.131,3.47,3.8,32.992,1.0961538461538463,0.01150000000000001,0.3299999999999996
2026-04-08 10:33:14.753,36,61,67,6,0.0968,0.1063,3.39,3.72,8.316,1.098360655737705,0.009500000000000008,0.33000000000000007
2026-04-08 10:33:46.367,33,58,63,5,0.1098,0.1193,3.52,3.82,31.614,1.0862068965517242,0.009500000000000008,0.2999999999999998
2026-04-08 10:33:58.295,48,94,103,9,0.0833,0.0913,3.92,4.29,11.928,1.0957446808510638,0.008000000000000007,0.3700000000000001
2026-04-08 10:34:26.235,27,52,57,5,0.1481,0.1624,3.85,4.22,27.94,1.0961538461538463,0.01429999999999998,0.36999999999999966
2026-04-08 10:34:34.749,27,54,59,5,0.1538,0.1681,4.0,4.37,8.514,1.0925925925925926,0.014300000000000007,0.3700000000000001
2026-04-08 10:35:03.636,16,29,34,5,0.2417,0.2833,3.62,4.25,28.887,1.1724137931034482,0.0416,0.6299999999999999
2026-04-08 10:35:08.780,7,14,19,5,0.6667,0.9048,4.0,5.43,5.144,1.3571428571428572,0.2381000000000001,1.4299999999999997
2026-04-08 10:35:14.316,16,28,33,5,0.2333,0.275,3.5,4.12,5.536,1.1785714285714286,0.041700000000000015,0.6200000000000001
2026-04-08 10:35:46.156,35,64,70,6,0.1076,0.1176,3.66,4.0,31.84,1.09375,0.009999999999999995,0.33999999999999986
2026-04-08 10:35:54.117,28,55,60,5,0.1455,0.1587,3.93,4.29,7.961,1.0909090909090908,0.013200000000000017,0.3599999999999999
2026-04-08 10:36:30.061,40,81,89,8,0.1038,0.1141,4.05,4.45,35.944,1.0987654320987654,0.01029999999999999,0.40000000000000036
2026-04-08 10:36:38.097,26,51,56,5,0.1569,0.1723,3.92,4.31,8.036,1.0980392156862746,0.015399999999999997,0.3899999999999997
2026-04-08 10:37:16.406,48,89,97,8,0.0789,0.086,3.71,4.04,38.309,1.0898876404494382,0.007099999999999995,0.33000000000000007
2026-04-08 10:37:23.859,15,28,33,5,0.2667,0.3143,3.73,4.4,7.453,1.1785714285714286,0.04760000000000003,0.6700000000000004
2026-04-08 10:37:53.143,11,22,27,5,0.4,0.4909,4.0,4.91,29.284,1.2272727272727273,0.09089999999999998,0.9100000000000001
2026-04-08 10:38:12.877,50,98,107,9,0.08,0.0873,3.92,4.28,19.734,1.0918367346938775,0.007300000000000001,0.3600000000000003
2026-04-08 10:38:34.214,18,35,40,5,0.2288,0.2614,3.89,4.44,21.337,1.1428571428571428,0.03260000000000002,0.5500000000000003
2026-04-08 10:38:40.899,19,39,44,5,0.2281,0.2573,4.11,4.63,6.685,1.1282051282051282,0.029199999999999976,0.5199999999999996
2026-04-08 10:39:07.719,14,23,28,5,0.2527,0.3077,3.29,4.0,26.82,1.2173913043478262,0.05499999999999999,0.71
2026-04-08 10:39:15.209,21,43,48,5,0.2048,0.2286,4.1,4.57,7.49,1.1162790697674418,0.023799999999999988,0.47000000000000064
2026-04-08 10:39:23.765,37,58,63,5,0.0871,0.0946,3.14,3.41,8.556,1.0862068965517242,0.007500000000000007,0.27
2026-04-08 10:39:58.506,48,97,106,9,0.086,0.094,4.04,4.42,34.741,1.092783505154639,0.008000000000000007,0.3799999999999999
2026-04-08 10:40:07.125,25,51,56,5,0.17,0.1867,4.08,4.48,8.619,1.0980392156862746,0.016699999999999993,0.40000000000000036
2026-04-08 10:40:40.018,28,57,62,5,0.1508,0.164,4.07,4.43,32.893,1.087719298245614,0.013200000000000017,0.35999999999999943
2026-04-08 10:40:48.782,33,56,61,5,0.1061,0.1155,3.39,3.7,8.764,1.0892857142857142,0.009400000000000006,0.31000000000000005
2026-04-08 10:41:20.652,29,50,55,5,0.1232,0.1355,3.45,3.79,31.87,1.1,0.012300000000000005,0.33999999999999986
2026-04-08 10:41:29.863,33,64,70,6,0.1212,0.1326,3.88,4.24,9.211,1.09375,0.011399999999999993,0.3600000000000003
2026-04-08 10:42:01.226,30,60,66,6,0.1379,0.1517,4.0,4.4,31.363,1.1,0.013800000000000007,0.40000000000000036
2026-04-08 10:42:12.339,33,66,72,6,0.125,0.1364,4.0,4.36,11.113,1.0909090909090908,0.011399999999999993,0.3600000000000003
2026-04-08 10:42:42.063,32,60,66,6,0.121,0.1331,3.75,4.12,29.724,1.1,0.0121,0.3700000000000001
2026-04-08 10:42:50.510,28,62,68,6,0.164,0.1799,4.43,4.86,8.447,1.096774193548387,0.015899999999999997,0.4300000000000006
2026-04-08 10:43:24.313,37,69,75,6,0.1036,0.1126,3.73,4.05,33.803,1.0869565217391304,0.009000000000000008,0.31999999999999984
2026-04-08 10:43:33.406,36,68,74,6,0.1079,0.1175,3.78,4.11,9.093,1.088235294117647,0.009599999999999997,0.3300000000000005
2026-04-08 10:44:08.161,38,79,86,7,0.1124,0.1223,4.16,4.53,34.755,1.0886075949367089,0.009900000000000006,0.3700000000000001
2026-04-08 10:44:20.056,37,73,80,7,0.1096,0.1201,3.95,4.32,11.895,1.095890410958904,0.010499999999999995,0.3700000000000001
2026-04-08 10:44:51.071,34,76,83,7,0.1355,0.148,4.47,4.88,31.015,1.0921052631578947,0.012499999999999983,0.41000000000000014
2026-04-08 10:45:00.910,24,46,51,5,0.1667,0.1848,3.83,4.25,9.839,1.108695652173913,0.018100000000000005,0.41999999999999993
2026-04-08 10:45:27.519,25,47,52,5,0.1567,0.1733,3.76,4.16,26.609,1.1063829787234043,0.016600000000000004,0.40000000000000036
2026-04-08 10:45:37.464,41,76,83,7,0.0927,0.1012,3.71,4.05,9.945,1.0921052631578947,0.008499999999999994,0.33999999999999986
2026-04-08 10:46:07.710,27,51,56,5,0.1453,0.1595,3.78,4.15,30.246,1.0980392156862746,0.01419999999999999,0.37000000000000055
2026-04-08 10:46:15.847,26,47,52,5,0.1446,0.16,3.62,4.0,8.137,1.1063829787234043,0.015399999999999997,0.3799999999999999
2026-04-08 10:46:46.212,25,49,54,5,0.1633,0.18,3.92,4.32,30.365,1.1020408163265305,0.016699999999999993,0.40000000000000036
2026-04-08 10:46:55.229,27,57,62,5,0.1624,0.1766,4.22,4.59,9.017,1.087719298245614,0.014200000000000018,0.3700000000000001
2026-04-08 10:47:24.930,20,38,43,5,0.2,0.2263,3.8,4.3,29.701,1.131578947368421,0.02629999999999999,0.5
2026-04-08 10:47:35.329,40,66,72,6,0.0846,0.0923,3.3,3.6,10.399,1.0909090909090908,0.0076999999999999985,0.30000000000000027
2026-04-08 10:48:04.082,21,39,44,5,0.1857,0.2095,3.71,4.19,28.753,1.1282051282051282,0.023799999999999988,0.4800000000000004
2026-04-08 10:48:10.832,19,33,38,5,0.193,0.2222,3.47,4.0,6.75,1.1515151515151516,0.029200000000000004,0.5299999999999998
2026-04-08 10:48:44.027,36,64,70,6,0.1016,0.1111,3.56,3.89,33.195,1.09375,0.009500000000000008,0.33000000000000007
2026-04-08 10:48:53.150,32,57,62,5,0.1149,0.125,3.56,3.88,9.123,1.087719298245614,0.010099999999999998,0.31999999999999984
2026-04-08 10:49:26.714,28,54,59,5,0.1429,0.1561,3.86,4.21,33.564,1.0925925925925926,0.01319999999999999,0.3500000000000001
2026-04-08 10:49:35.629,37,57,62,5,0.0856,0.0931,3.08,3.35,8.915,1.087719298245614,0.007500000000000007,0.27
2026-04-08 10:50:05.396,18,37,42,5,0.2418,0.2745,4.11,4.67,29.767,1.135135135135135,0.032700000000000035,0.5599999999999996
2026-04-08 10:50:13.130,19,39,44,5,0.2281,0.2573,4.11,4.63,7.734,1.1282051282051282,0.029199999999999976,0.5199999999999996
2026-04-08 10:50:45.877,22,46,51,5,0.1991,0.2208,4.18,4.64,32.747,1.108695652173913,0.021699999999999997,0.45999999999999996
2026-04-08 10:50:55.630,43,70,77,7,0.0775,0.0853,3.26,3.58,9.753,1.1,0.007800000000000001,0.3200000000000003
2026-04-08 10:51:27.730,24,46,51,5,0.1667,0.1848,3.83,4.25,32.1,1.108695652173913,0.018100000000000005,0.41999999999999993
2026-04-08 10:51:33.797,15,33,38,5,0.3143,0.3619,4.4,5.07,6.067,1.1515151515151516,0.047599999999999976,0.6699999999999999
2026-04-08 10:51:39.024,14,23,28,5,0.2527,0.3077,3.29,4.0,5.227,1.2173913043478262,0.05499999999999999,0.71
2026-04-08 10:52:14.054,48,99,108,9,0.0878,0.0957,4.12,4.5,35.03,1.0909090909090908,0.00789999999999999,0.3799999999999999
2026-04-08 10:52:50.816,46,99,108,9,0.0957,0.1043,4.3,4.7,36.762,1.0909090909090908,0.00860000000000001,0.40000000000000036
2026-04-08 10:52:58.737,26,50,55,5,0.1538,0.1692,3.85,4.23,7.921,1.1,0.015399999999999997,0.38000000000000034
2026-04-08 10:53:29.957,25,56,61,5,0.1867,0.2033,4.48,4.88,31.22,1.0892857142857142,0.016600000000000004,0.39999999999999947
2026-04-08 10:53:44.791,44,95,104,9,0.1004,0.1099,4.32,4.73,14.834,1.0947368421052632,0.009499999999999995,0.41000000000000014
2026-04-08 10:54:15.244,39,76,83,7,0.1026,0.112,3.9,4.26,30.453,1.0921052631578947,0.009400000000000006,0.3599999999999999
2026-04-08 10:54:28.892,39,79,86,7,0.1066,0.1161,4.05,4.41,13.648,1.0886075949367089,0.009499999999999995,0.3600000000000003
2026-04-08 10:54:56.296,27,51,56,5,0.1453,0.1595,3.78,4.15,27.404,1.0980392156862746,0.01419999999999999,0.37000000000000055
2026-04-08 10:55:05.165,26,58,63,5,0.1785,0.1938,4.46,4.85,8.869,1.0862068965517242,0.015300000000000008,0.3899999999999997
2026-04-08 10:55:36.339,25,56,61,5,0.1867,0.2033,4.48,4.88,31.174,1.0892857142857142,0.016600000000000004,0.39999999999999947
2026-04-08 10:55:46.725,39,73,80,7,0.0985,0.108,3.74,4.1,10.386,1.095890410958904,0.009499999999999995,0.35999999999999943
2026-04-08 10:56:17.475,26,57,62,5,0.1754,0.1908,4.38,4.77,30.75,1.087719298245614,0.015399999999999997,0.3899999999999997
2026-04-08 10:56:26.569,26,58,63,5,0.1785,0.1938,4.46,4.85,9.094,1.0862068965517242,0.015300000000000008,0.3899999999999997
2026-04-08 10:56:57.469,26,51,56,5,0.1569,0.1723,3.92,4.31,30.9,1.0980392156862746,0.015399999999999997,0.3899999999999997
2026-04-08 10:57:05.413,34,54,59,5,0.0963,0.1052,3.18,3.47,7.944,1.0925925925925926,0.008900000000000005,0.29000000000000004
2026-04-08 10:57:37.234,20,45,50,5,0.2368,0.2632,4.5,5.0,31.821,1.1111111111111112,0.02639999999999998,0.5
2026-04-08 10:57:45.072,20,39,44,5,0.2053,0.2316,3.9,4.4,7.838,1.1282051282051282,0.02629999999999999,0.5000000000000004
2026-04-08 10:58:15.359,19,37,42,5,0.2164,0.2456,3.89,4.42,30.287,1.135135135135135,0.029200000000000004,0.5299999999999998
2026-04-08 10:58:22.080,18,34,39,5,0.2222,0.2549,3.78,4.33,6.721,1.1470588235294117,0.03270000000000001,0.5500000000000003
2026-04-08 10:58:54.094,33,42,47,5,0.0795,0.089,2.55,2.85,32.014,1.119047619047619,0.009499999999999995,0.30000000000000027
2026-04-08 10:58:59.803,15,29,34,5,0.2762,0.3238,3.87,4.53,5.709,1.1724137931034482,0.047599999999999976,0.6600000000000001
2026-04-08 10:59:33.632,34,77,84,7,0.1373,0.1497,4.53,4.94,33.829,1.0909090909090908,0.012399999999999994,0.41000000000000014
2026-04-08 10:59:44.195,28,65,71,6,0.172,0.1878,4.64,5.07,10.563,1.0923076923076922,0.01580000000000001,0.4300000000000006
2026-04-08 11:00:18.107,34,79,86,7,0.1408,0.1533,4.65,5.06,33.912,1.0886075949367089,0.012499999999999983,0.40999999999999925
2026-04-08 11:00:24.732,15,30,35,5,0.2857,0.3333,4.0,4.67,6.625,1.1666666666666667,0.047599999999999976,0.6699999999999999
2026-04-08 11:00:53.260,14,26,31,5,0.2857,0.3407,3.71,4.43,28.528,1.1923076923076923,0.05499999999999999,0.7199999999999998
2026-04-08 11:01:00.757,20,45,50,5,0.2368,0.2632,4.5,5.0,7.497,1.1111111111111112,0.02639999999999998,0.5
2026-04-08 11:01:39.079,52,99,108,9,0.0747,0.0814,3.81,4.15,38.322,1.0909090909090908,0.006699999999999998,0.3400000000000003
2026-04-08 11:01:46.511,20,38,43,5,0.2,0.2263,3.8,4.3,7.432,1.131578947368421,0.02629999999999999,0.5
2026-04-08 11:02:16.836,20,41,46,5,0.2158,0.2421,4.1,4.6,30.325,1.1219512195121952,0.026300000000000018,0.5
2026-04-08 11:02:23.388,20,37,42,5,0.1947,0.2211,3.7,4.2,6.552,1.135135135135135,0.02639999999999998,0.5
2026-04-08 11:02:54.174,17,30,35,5,0.2206,0.2574,3.53,4.12,30.786,1.1666666666666667,0.03680000000000003,0.5900000000000003
2026-04-08 11:03:00.451,12,24,29,5,0.3636,0.4394,4.0,4.83,6.277,1.2083333333333333,0.07580000000000003,0.8300000000000001
2026-04-08 11:03:16.012,24,37,42,5,0.1341,0.1522,3.08,3.5,15.561,1.135135135135135,0.018100000000000005,0.41999999999999993
2026-04-08 11:03:41.036,46,93,102,9,0.0899,0.0986,4.04,4.43,25.024,1.096774193548387,0.0087,0.3899999999999997
2026-04-08 11:03:46.847,13,26,31,5,0.3333,0.3974,4.0,4.77,5.811,1.1923076923076923,0.06409999999999999,0.7699999999999996
2026-04-08 11:04:10.142,24,45,50,5,0.163,0.1812,3.75,4.17,23.295,1.1111111111111112,0.018199999999999994,0.41999999999999993
2026-04-08 11:04:20.053,12,23,28,5,0.3485,0.4242,3.83,4.67,9.911,1.2173913043478262,0.07570000000000005,0.8399999999999999
2026-04-08 11:04:27.434,12,24,29,5,0.3636,0.4394,4.0,4.83,7.381,1.2083333333333333,0.07580000000000003,0.8300000000000001
2026-04-08 11:04:58.675,14,26,31,5,0.2857,0.3407,3.71,4.43,31.241,1.1923076923076923,0.05499999999999999,0.7199999999999998
2026-04-08 11:05:06.823,20,38,43,5,0.2,0.2263,3.8,4.3,8.148,1.131578947368421,0.02629999999999999,0.5
2026-04-08 11:05:40.501,28,49,54,5,0.1296,0.1429,3.5,3.86,33.678,1.1020408163265305,0.013300000000000006,0.3599999999999999
2026-04-08 11:05:48.646,24,38,43,5,0.1377,0.1558,3.17,3.58,8.145,1.131578947368421,0.018100000000000005,0.41000000000000014
2026-04-08 11:06:19.232,12,24,29,5,0.3636,0.4394,4.0,4.83,30.586,1.2083333333333333,0.07580000000000003,0.8300000000000001
2026-04-08 11:06:26.822,26,44,49,5,0.1354,0.1508,3.38,3.77,7.59,1.1136363636363635,0.015399999999999997,0.3900000000000001
2026-04-08 11:06:57.502,22,46,51,5,0.1991,0.2208,4.18,4.64,30.68,1.108695652173913,0.021699999999999997,0.45999999999999996
2026-04-08 11:07:08.247,60,80,88,8,0.0452,0.0497,2.67,2.93,10.745,1.1,0.004500000000000004,0.26000000000000023
2026-04-08 11:07:39.216,39,72,79,7,0.0972,0.1066,3.69,4.05,30.969,1.0972222222222223,0.009400000000000006,0.3599999999999999
2026-04-08 11:07:46.253,26,51,56,5,0.1569,0.1723,3.92,4.31,7.037,1.0980392156862746,0.015399999999999997,0.3899999999999997
2026-04-08 11:07:52.510,15,27,32,5,0.2571,0.3048,3.6,4.27,6.257,1.1851851851851851,0.04770000000000002,0.6699999999999995
2026-04-08 11:08:20.085,25,42,47,5,0.14,0.1567,3.36,3.76,27.575,1.119047619047619,0.016699999999999993,0.3999999999999999
2026-04-08 11:08:28.811,35,61,67,6,0.1025,0.1126,3.49,3.83,8.726,1.098360655737705,0.010100000000000012,0.33999999999999986
2026-04-08 11:09:03.100,35,67,73,6,0.1126,0.1227,3.83,4.17,34.289,1.0895522388059702,0.010099999999999998,0.33999999999999986
2026-04-08 11:09:12.215,38,70,77,7,0.0996,0.1095,3.68,4.05,9.115,1.1,0.009900000000000006,0.36999999999999966
2026-04-08 11:09:47.463,38,79,86,7,0.1124,0.1223,4.16,4.53,35.248,1.0886075949367089,0.009900000000000006,0.3700000000000001
2026-04-08 11:09:56.362,33,68,74,6,0.1288,0.1402,4.12,4.48,8.899,1.088235294117647,0.011399999999999993,0.3600000000000003
2026-04-08 11:10:35.541,32,61,67,6,0.123,0.1351,3.81,4.19,39.179,1.098360655737705,0.0121,0.38000000000000034
2026-04-08 11:10:45.735,42,77,84,7,0.0894,0.0976,3.67,4.0,10.194,1.0909090909090908,0.008200000000000013,0.33000000000000007
2026-04-08 11:11:21.733,42,76,83,7,0.0883,0.0964,3.62,3.95,35.998,1.0921052631578947,0.008099999999999996,0.33000000000000007
2026-04-08 11:11:33.001,41,78,85,7,0.0951,0.1037,3.8,4.15,11.268,1.0897435897435896,0.008599999999999997,0.35000000000000053
2026-04-08 11:12:06.184,40,72,79,7,0.0923,0.1013,3.6,3.95,33.183,1.0972222222222223,0.009000000000000008,0.3500000000000001
2026-04-08 11:12:17.491,38,76,83,7,0.1081,0.1181,4.0,4.37,11.307,1.0921052631578947,0.009999999999999995,0.3700000000000001
2026-04-08 11:12:53.702,43,98,107,9,0.1085,0.1185,4.56,4.98,36.211,1.0918367346938775,0.009999999999999995,0.4200000000000008
2026-04-08 11:13:04.238,67,80,88,8,0.0362,0.0398,2.39,2.63,10.536,1.1,0.003599999999999999,0.23999999999999977
2026-04-08 11:13:37.096,36,73,80,7,0.1159,0.127,4.06,4.44,32.858,1.095890410958904,0.011099999999999999,0.3800000000000008
2026-04-08 11:13:55.809,46,83,91,8,0.0802,0.0879,3.61,3.96,18.713,1.0963855421686748,0.007700000000000012,0.3500000000000001
2026-04-08 11:14:26.334,66,120,132,12,0.0559,0.0615,3.64,4.0,30.525,1.1,0.005600000000000001,0.3599999999999999
2026-04-08 11:14:33.966,21,43,48,5,0.2048,0.2286,4.1,4.57,7.632,1.1162790697674418,0.023799999999999988,0.47000000000000064
2026-04-08 11:15:05.143,22,49,54,5,0.2121,0.2338,4.45,4.91,31.177,1.1020408163265305,0.021699999999999997,0.45999999999999996
2026-04-08 11:15:13.798,21,46,51,5,0.219,0.2429,4.38,4.86,8.655,1.108695652173913,0.023900000000000005,0.4800000000000004
2026-04-08 11:15:44.465,21,48,53,5,0.2286,0.2524,4.57,5.05,30.667,1.1041666666666667,0.023800000000000016,0.47999999999999954
2026-04-08 11:16:18.009,41,88,96,8,0.1073,0.1171,4.29,4.68,33.544,1.0909090909090908,0.00979999999999999,0.3899999999999997
2026-04-08 11:16:28.369,29,65,71,6,0.1601,0.1749,4.48,4.9,10.36,1.0923076923076922,0.014800000000000008,0.41999999999999993
2026-04-08 11:17:01.235,30,67,73,6,0.154,0.1678,4.47,4.87,32.866,1.0895522388059702,0.013800000000000007,0.40000000000000036
2026-04-08 11:17:11.427,30,68,74,6,0.1563,0.1701,4.53,4.93,10.192,1.088235294117647,0.013800000000000007,0.39999999999999947
2026-04-08 11:17:45.853,41,92,101,9,0.1122,0.1232,4.49,4.93,34.426,1.0978260869565217,0.01100000000000001,0.4399999999999995
2026-04-08 11:17:56.192,37,88,96,8,0.1321,0.1441,4.76,5.19,10.339,1.0909090909090908,0.01200000000000001,0.4300000000000006
2026-04-08 11:18:26.812,26,51,56,5,0.1569,0.1723,3.92,4.31,30.62,1.0980392156862746,0.015399999999999997,0.3899999999999997
2026-04-08 11:18:38.797,37,71,78,7,0.1066,0.1171,3.84,4.22,11.985,1.0985915492957747,0.010499999999999995,0.3799999999999999
2026-04-08 11:19:11.513,50,89,97,8,0.0727,0.0792,3.56,3.88,32.716,1.0898876404494382,0.006500000000000006,0.31999999999999984
2026-04-08 11:19:20.433,27,56,61,5,0.1595,0.1738,4.15,4.52,8.92,1.0892857142857142,0.014300000000000007,0.3699999999999992
2026-04-08 11:19:54.088,34,77,84,7,0.1373,0.1497,4.53,4.94,33.655,1.0909090909090908,0.012399999999999994,0.41000000000000014
2026-04-08 11:20:05.506,32,74,81,7,0.1492,0.1633,4.62,5.06,11.418,1.0945945945945945,0.014100000000000001,0.4399999999999995
2026-04-08 11:20:39.540,35,79,86,7,0.1328,0.1445,4.51,4.91,34.034,1.0886075949367089,0.011699999999999988,0.40000000000000036
2026-04-08 11:20:49.880,37,82,90,8,0.1231,0.1351,4.43,4.86,10.34,1.0975609756097562,0.011999999999999997,0.4300000000000006
2026-04-08 11:21:26.433,48,111,122,11,0.0984,0.1082,4.62,5.08,36.553,1.0990990990990992,0.009800000000000003,0.45999999999999996
2026-04-08 11:21:36.486,41,74,81,7,0.0902,0.0988,3.61,3.95,10.053,1.0945945945945945,0.008599999999999997,0.3400000000000003
2026-04-08 11:22:10.349,29,66,72,6,0.1626,0.1773,4.55,4.97,33.863,1.0909090909090908,0.014700000000000019,0.41999999999999993
2026-04-08 11:22:24.555,58,110,121,11,0.0665,0.0732,3.79,4.17,14.206,1.1,0.006699999999999998,0.3799999999999999
2026-04-08 11:23:01.433,57,107,117,10,0.067,0.0733,3.75,4.11,36.878,1.0934579439252337,0.0063,0.3600000000000003
2026-04-08 11:23:09.816,21,53,58,5,0.2524,0.2762,5.05,5.52,8.383,1.0943396226415094,0.023799999999999988,0.46999999999999975
2026-04-08 11:23:41.457,18,43,48,5,0.281,0.3137,4.78,5.33,31.641,1.1162790697674418,0.03269999999999995,0.5499999999999998
2026-04-08 11:23:52.015,42,83,91,8,0.0964,0.1057,3.95,4.33,10.558,1.0963855421686748,0.009300000000000003,0.3799999999999999
2026-04-08 11:24:25.114,40,82,90,8,0.1051,0.1154,4.1,4.5,33.099,1.0975609756097562,0.010300000000000004,0.40000000000000036
2026-04-08 11:25:04.192,74,120,132,12,0.0444,0.0489,3.24,3.57,39.078,1.1,0.004499999999999997,0.3299999999999996
2026-04-08 11:25:16.221,44,85,93,8,0.0899,0.0983,3.86,4.23,12.029,1.0941176470588236,0.008400000000000005,0.37000000000000055
2026-04-08 11:25:50.981,44,99,108,9,0.1047,0.1142,4.5,4.91,34.76,1.0909090909090908,0.009499999999999995,0.41000000000000014
2026-04-08 11:26:02.692,40,84,92,8,0.1077,0.1179,4.2,4.6,11.711,1.0952380952380953,0.0102,0.39999999999999947
2026-04-08 11:26:35.685,44,92,101,9,0.0973,0.1068,4.18,4.59,32.993,1.0978260869565217,0.009500000000000008,0.41000000000000014
2026-04-08 11:26:46.749,42,89,97,8,0.1034,0.1127,4.24,4.62,11.064,1.0898876404494382,0.009299999999999989,0.3799999999999999
2026-04-08 11:27:21.376,43,88,96,8,0.0975,0.1063,4.09,4.47,34.627,1.0909090909090908,0.008800000000000002,0.3799999999999999
2026-04-08 11:27:32.498,41,92,101,9,0.1122,0.1232,4.49,4.93,11.122,1.0978260869565217,0.01100000000000001,0.4399999999999995
2026-04-08 11:28:08.230,49,92,101,9,0.0782,0.0859,3.76,4.12,35.732,1.0978260869565217,0.0076999999999999985,0.3600000000000003
2026-04-08 11:28:18.028,84,76,83,7,0.0218,0.0238,1.81,1.98,9.798,1.0921052631578947,0.0020000000000000018,0.16999999999999993
2026-04-08 11:28:56.141,44,101,111,10,0.1068,0.1173,4.59,5.05,38.113,1.099009900990099,0.010499999999999995,0.45999999999999996
2026-04-08 11:29:06.862,42,76,83,7,0.0883,0.0964,3.62,3.95,10.721,1.0921052631578947,0.008099999999999996,0.33000000000000007
2026-04-08 11:29:42.649,41,79,86,7,0.0963,0.1049,3.85,4.2,35.787,1.0886075949367089,0.008599999999999997,0.3500000000000001
2026-04-08 11:29:52.557,41,77,84,7,0.0939,0.1024,3.76,4.1,9.908,1.0909090909090908,0.008500000000000008,0.33999999999999986
2026-04-08 11:30:28.045,44,82,90,8,0.0867,0.0951,3.73,4.09,35.488,1.0975609756097562,0.008400000000000005,0.3599999999999999
2026-04-08 11:30:38.729,39,82,90,8,0.1107,0.1215,4.21,4.62,10.684,1.0975609756097562,0.01079999999999999,0.41000000000000014
2026-04-08 11:31:08.466,25,45,50,5,0.15,0.1667,3.6,4.0,29.737,1.1111111111111112,0.016699999999999993,0.3999999999999999
2026-04-08 11:31:15.896,25,47,52,5,0.1567,0.1733,3.76,4.16,7.43,1.1063829787234043,0.016600000000000004,0.40000000000000036
2026-04-08 11:31:48.686,26,45,50,5,0.1385,0.1538,3.46,3.85,32.79,1.1111111111111112,0.01529999999999998,0.3900000000000001
2026-04-08 11:32:00.872,52,98,107,9,0.0739,0.0807,3.77,4.12,12.186,1.0918367346938775,0.0068000000000000005,0.3500000000000001
2026-04-08 11:32:34.523,41,86,94,8,0.1049,0.1146,4.2,4.59,33.651,1.0930232558139534,0.0097,0.3899999999999997
2026-04-08 11:32:44.390,45,82,90,8,0.0828,0.0909,3.64,4.0,9.867,1.0975609756097562,0.008099999999999996,0.3599999999999999
2026-04-08 11:33:14.242,31,64,70,6,0.1376,0.1505,4.13,4.52,29.852,1.09375,0.012899999999999995,0.3899999999999997
2026-04-08 11:33:23.495,26,46,51,5,0.1415,0.1569,3.54,3.92,9.253,1.108695652173913,0.015400000000000025,0.3799999999999999
2026-04-08 11:33:31.546,26,48,53,5,0.1477,0.1631,3.69,4.08,8.051,1.1041666666666667,0.015399999999999997,0.3900000000000001
2026-04-08 11:34:09.004,52,99,108,9,0.0747,0.0814,3.81,4.15,37.458,1.0909090909090908,0.006699999999999998,0.3400000000000003
2026-04-08 11:34:30.948,50,93,102,9,0.0759,0.0833,3.72,4.08,21.944,1.096774193548387,0.007400000000000004,0.3599999999999999
2026-04-08 11:34:53.293,38,67,73,6,0.0953,0.1038,3.53,3.84,22.345,1.0895522388059702,0.008500000000000008,0.31000000000000005
2026-04-08 11:35:02.717,37,67,73,6,0.1006,0.1096,3.62,3.95,9.424,1.0895522388059702,0.009000000000000008,0.33000000000000007
2026-04-08 11:35:35.066,27,52,57,5,0.1481,0.1624,3.85,4.22,32.349,1.0961538461538463,0.01429999999999998,0.36999999999999966
2026-04-08 11:35:42.357,29,55,60,5,0.1355,0.1478,3.79,4.14,7.291,1.0909090909090908,0.012299999999999978,0.34999999999999964
2026-04-08 11:36:17.101,48,80,88,8,0.0709,0.078,3.33,3.67,34.744,1.1,0.007099999999999995,0.33999999999999986
2026-04-08 11:36:28.898,40,74,81,7,0.0949,0.1038,3.7,4.05,11.797,1.0945945945945945,0.008900000000000005,0.34999999999999964
2026-04-08 11:37:00.031,19,34,39,5,0.1988,0.2281,3.58,4.11,31.133,1.1470588235294117,0.029299999999999993,0.5300000000000002
2026-04-08 11:37:06.687,14,33,38,5,0.3626,0.4176,4.71,5.43,6.656,1.1515151515151516,0.05500000000000005,0.7199999999999998
2026-04-08 11:37:26.179,13,31,36,5,0.3974,0.4615,4.77,5.54,19.492,1.1612903225806452,0.06410000000000005,0.7700000000000005
2026-04-08 11:37:41.182,13,34,39,5,0.4359,0.5,5.23,6.0,15.003,1.1470588235294117,0.06409999999999999,0.7699999999999996
2026-04-08 11:37:51.397,44,85,93,8,0.0899,0.0983,3.86,4.23,10.215,1.0941176470588236,0.008400000000000005,0.37000000000000055
2026-04-08 11:38:26.753,45,78,85,7,0.0788,0.0859,3.47,3.78,35.356,1.0897435897435896,0.007100000000000009,0.3099999999999996
2026-04-08 11:38:37.882,46,82,90,8,0.0792,0.087,3.57,3.91,11.129,1.0975609756097562,0.0077999999999999875,0.3400000000000003
2026-04-08 11:39:12.055,47,79,86,7,0.0731,0.0796,3.36,3.66,34.173,1.0886075949367089,0.006500000000000006,0.30000000000000027
2026-04-08 11:39:22.522,47,82,90,8,0.0759,0.0833,3.49,3.83,10.467,1.0975609756097562,0.007400000000000004,0.33999999999999986
2026-04-08 11:39:59.450,42,90,99,9,0.1045,0.115,4.29,4.71,36.928,1.1,0.01050000000000001,0.41999999999999993
2026-04-08 11:40:15.836,51,110,121,11,0.0863,0.0949,4.31,4.75,16.386,1.1,0.008599999999999997,0.4400000000000004
2026-04-08 11:40:45.903,27,51,56,5,0.1453,0.1595,3.78,4.15,30.067,1.0980392156862746,0.01419999999999999,0.37000000000000055
2026-04-08 11:40:53.335,27,52,57,5,0.1481,0.1624,3.85,4.22,7.432,1.0961538461538463,0.01429999999999998,0.36999999999999966
2026-04-08 11:41:31.329,60,103,113,10,0.0582,0.0638,3.43,3.77,37.994,1.0970873786407767,0.005599999999999994,0.33999999999999986
2026-04-08 11:41:39.157,28,53,58,5,0.1402,0.1534,3.79,4.14,7.828,1.0943396226415094,0.013200000000000017,0.34999999999999964
2026-04-08 11:42:12.950,38,75,82,7,0.1067,0.1166,3.95,4.32,33.793,1.0933333333333333,0.009899999999999992,0.3700000000000001
2026-04-08 11:42:23.183,23,53,58,5,0.2095,0.2292,4.61,5.04,10.233,1.0943396226415094,0.019699999999999995,0.4299999999999997
2026-04-08 11:42:51.390,18,37,42,5,0.2418,0.2745,4.11,4.67,28.207,1.135135135135135,0.032700000000000035,0.5599999999999996
2026-04-08 11:43:25.593,45,97,106,9,0.098,0.1071,4.31,4.71,34.203,1.092783505154639,0.009099999999999997,0.40000000000000036
2026-04-08 11:43:33.601,21,45,50,5,0.2143,0.2381,4.29,4.76,8.008,1.1111111111111112,0.023800000000000016,0.46999999999999975
2026-04-08 11:44:02.195,35,71,78,7,0.1193,0.1311,4.06,4.46,28.594,1.0985915492957747,0.011799999999999991,0.40000000000000036
2026-04-08 11:44:10.270,24,51,56,5,0.1848,0.2029,4.25,4.67,8.075,1.0980392156862746,0.018100000000000005,0.41999999999999993
2026-04-08 11:44:19.466,21,42,47,5,0.2,0.2238,4.0,4.48,9.196,1.119047619047619,0.023799999999999988,0.4800000000000004
2026-04-08 11:44:48.384,21,42,47,5,0.2,0.2238,4.0,4.48,28.918,1.119047619047619,0.023799999999999988,0.4800000000000004
2026-04-08 11:44:56.407,31,62,68,6,0.1333,0.1462,4.0,4.39,8.023,1.096774193548387,0.012899999999999995,0.3899999999999997
2026-04-08 11:45:25.643,27,56,61,5,0.1595,0.1738,4.15,4.52,29.236,1.0892857142857142,0.014300000000000007,0.3699999999999992
2026-04-08 11:45:38.551,51,98,107,9,0.0769,0.0839,3.84,4.2,12.908,1.0918367346938775,0.007000000000000006,0.3600000000000003
2026-04-08 11:46:13.414,36,78,85,7,0.1238,0.1349,4.33,4.72,34.863,1.0897435897435896,0.011099999999999999,0.3899999999999997
2026-04-08 11:46:22.244,46,72,79,7,0.0696,0.0763,3.13,3.43,8.83,1.0972222222222223,0.0067000000000000115,0.30000000000000027
2026-04-08 11:47:00.013,52,114,125,11,0.086,0.0943,4.38,4.81,37.769,1.0964912280701755,0.008300000000000002,0.4299999999999997
2026-04-08 11:47:10.803,44,90,99,9,0.0951,0.1047,4.09,4.5,10.79,1.1,0.009599999999999997,0.41000000000000014
2026-04-08 11:47:47.808,45,91,100,9,0.0919,0.101,4.04,4.44,37.005,1.098901098901099,0.00910000000000001,0.40000000000000036
2026-04-08 11:48:03.265,52,116,127,11,0.0875,0.0958,4.46,4.88,15.457,1.0948275862068966,0.008300000000000002,0.41999999999999993
2026-04-08 11:48:38.394,55,100,110,10,0.0673,0.0741,3.64,4.0,35.129,1.1,0.0068000000000000005,0.3599999999999999
2026-04-08 11:48:49.164,51,95,104,9,0.0745,0.0816,3.73,4.08,10.77,1.0947368421052632,0.007100000000000009,0.3500000000000001
2026-04-08 11:49:23.366,48,78,85,7,0.0691,0.0754,3.25,3.54,34.202,1.0897435897435896,0.0063,0.29000000000000004
